,Receptor - IEDB Receptor ID,epitope,light_cdr1,light_cdr2,light_cdr3,heavy_cdr1,heavy_cdr2,heavy_cdr3
0,714,polyprotein,QSLLNSNNQKNY,FA-------S,QQHYS----TPYT,GFNI----KDTY,IDPA--NGHT,ATSDYS--YALDS
1,216928,covid,QSVS-----SSY,GA-------S,QQYS-----SSRT,GGTF----SRYA,IIPI--FGIA,ARADYYYGYFFDY
2,217190,covid,QSVLYSSNNKNY,WA-------S,QQYYS----TPLT,GGSI----SSYY,ISYS---GST,ASNGQYYYWYFDL
3,216728,covid,QSLVHS-DGNTY,KI-------S,TQATQ----FPYT,GYTL----TELS,FDPE--DGET,ATSTAVAYYGMDV
4,217125,covid,SSDVG---GYNY,DV-------S,SSYTSS--STLVV,GDSVS--SGSYY,IYYS---GST,ARERCYYCVWFDP
5,217003,covid,SSNI----GNNY,DN-------N,GTWDSS--LSAGV,GFSLS--TSGVG,IDWD---DNK,ARIPGFLYYGMDV
6,217061,covid,SSNI----GSNT,SN-------N,AAWDD---SLNWV,GFRF----DDHA,ISGD--GGST,AKDRSYGEYGMDV
7,217224,covid,QSVLYSSNNKNY,WA-------S,QQYYS----TPLT,GYTF----TSYD,MNPN--SGNT,ARYIVVVAKGFDP
8,217106,covid,QDI------SNY,DA-------S,QQYDN----LPYT,GFTF----SSYA,ISYD--GSNK,ARDGQAIGPPFDY
9,217126,covid,SDINV---SSYN,YYSD---SDK,MIWPS---NALYV,GFTF----SSYG,IWYD--GSNK,ARWFHT-GGYFDY
10,216668,covid,SSDVG---GSNY,EV-------S,SSYAG---SNNWV,GFSF----ISNY,IYSG---GST,ARGLIRGTGAFDI
11,217644,covid,QDI------TNY,DA-------S,QQYDN----IPFT,GGSI----SSYY,IYYS---GST,ARDRGYSTDGFDI
12,216576,covid,QDI------SNY,DA-------S,QQYKI---LLTWT,GYNF----AYYW,IYPG--DSDT,ARGEMT-AVFGDY
13,216707,covid,SGNI----ASNY,ED-------N,QSYDN----NIQV,GGSF----SGYY,INHS---GST,ARRWWL-RGAFDI
14,217737,covid,QSI------GTS,YA-------S,QQGHN----WPLT,GYTF----TEYT,NNPN--NDDT,ARDGYPYYYALDF
15,217738,covid,QNV------GTN,SA-------S,QQYNN----YPWT,GYTF----TEYT,NNPN--NDDT,ARDGYPYYYALDF
16,217642,covid,QSV------SSY,DA-------S,QQRSN----WPLT,GGSF----SGYY,VNHS---GST,ARGNTMVIIPFEY
17,217643,covid,QGI------SNY,AA-------S,LQHNS----YPYT,GFIF----SSYG,IWFD--GSNK,ARETVS--YGMDV
18,217739,covid,SSVS-----SSY,ST-------S,HQYHR----SPYT,GFTF----SSYT,ISSG--GTYT,ANFGNY--EEIAY
19,217107,covid,QGI------SSY,AA-------S,QQLNS----YPPA,GFTV----SSNY,IYPG---GST,ARETL----AFDY
20,217740,covid,QNV------GTN,ST-------S,QQYNS----YPYT,GYTF----TEYT,INPN--IGDT,ARDGYPYYYALDH
21,217718,covid,QSLLYSNNQKNY,WT-------S,QQYYT----YPWT,GYRF----TSYI,IFPE--NDDT,ARDGE---NVLDY
22,8701,influenza,SSNV----GTNA,YN-------N,ATWDNS--LNDRV,RGTF----SNHA,LIPI--FSTP,AREIPGAFYGMDV
23,935,hiv,QTLLYSSNNRHS,WA-------S,HQYSS----HPPT,GFTF----TEYY,ISKN--GEYS,ARADGLTQYIFDL
24,216772,covid,QSVLYSSNNKNY,WA-------S,QHYYS----PPPT,GFTF----INYK,ISSG--SDAI,ARGGGYNGECMDV
25,216771,covid,QSI------TNY,AA-------S,QQTYS----TLWT,GFTF----NNAW,IKSKTDGGTT,TTADYDITPASPY
26,216775,covid,QDI------SNY,DA-------S,QQYDN----LPYT,GFTF----SNSG,IWYD--GSKK,ARDGTVANPFFDY
27,1224,hiv,HSLQHS-TGANY,LA-------T,MQGLH----SPWT,GNSF----SNHD,MSHE--GDKT,LTGSKHRLATLDV
29,8680,polyprotein,ENVDR--YGNSF,RA-------S,QRSNE----VPWT,GFNI----KDTY,IDPA--NGDT,SRGWE----GFAY
30,216774,covid,SSDVG---GYNY,EV-------S,NSYAG---NNNWV,GFLF----TGYY,INPN--SGAS,ARDLAFSRGALDY
31,217712,polyprotein,ESVDS--YGYSF,LA-------S,QQNNE----NPLT,GCTL----TNCF,INPY--NDMT,ARGYLLRTGCFDY
32,8743,polyprotein,QSLVHS-NGNTY,KV-------S,SQSTH----VPWT,GYTF----TEYT,INPN--NGGS,ARRDYRFYWYFDV
33,216773,covid,QSI------SNY,AA-------S,LQTYS----TPRT,GFTF----SHYP,ISYD--GSNQ,ASLITMIRGVPDY
34,216618,hiv,EGLS-----SSD,GA-------S,QRYGG----TPIT,DDPYTDTFTKYY,ISPH--FARP,ARDPFGDNYHMDV
35,8677,covid,QSV------RSN,DA-------S,QQRSN----WPPT,GFAF----SSYA,ISYD--GSNK,ARDRS---YYLDY
36,218009,hiv,EDI------ESY,DT-------S,LYGYISSDRIDFG,GFSFG---WNDY,IYAGS-TRST,ARGAVTYLKHFNL
37,217360,covid,QSVS-----SSY,GA-------S,QQYGN----SPWT,GFTF----SISA,IVVG--SGNT,AAPYCGGSDGFDI
38,217059,covid,NIG------RKS,DD-------S,QVYDL---FSDYV,GGTF----GNWS,IDPS--RGEA,ARETEQ--GGMDV
39,217065,covid,QSV------STY,DA-------S,QCRSNW--PPGIT,GFTF----SSYG,IWYD--GTNT,ARDLAYRWRYFDL
40,217837,hiv,SSNV----GNGY,GD-------T,ASPDDS--SSNAV,GSSL----NDKS,VDTS---GNT,ITAHQKTEWYVSA
41,216839,covid,QSVR-----SGY,GA-------S,QQYGT----SPWT,GFTF----STSA,IAVG--SGKT,AAPHCSGYDGFDI
42,217640,hiv,SYDVG---TYNL,EV-------S,CSYAG---SATVI,GYTF----TDYY,INPN--SGRT,ARGGWISYPNFNY
43,1005,polyprotein,NLG------DKF,ED-------T,QTWDS---STDVV,GFTF----SSYA,ISGS--GGST,ARAVVFTSKYFDY
44,1006,polyprotein,KLG------DKY,QD-------N,QAWDS---STDVV,GFNF----YTYA,SSST--DGTT,ARAVVFTSKYFDY
45,217230,covid,QDI------SNY,DA-------S,QHHDS----LPLT,GFSF----SSYS,ISSN--SNYI,ASNRSPYNYYFDY
47,217141,hiv,QSV------SSN,GA-------S,QQYN-----NWWT,GYTF----TSYY,INPS--GGST,ARDVGTELLHFDY
48,216836,covid,QDI------RTY,AA-------S,QQYNS----APLT,EYKL----ISFW,IYPD--DSDT,TSGSYY--GTLDF
49,216700,polyprotein,QSI------SSY,AA-------S,QQSYS----TPRT,GYSF----TSYW,IYPG--DSDT,ARLHSSSFYGMDV
50,216843,hiv,QSV------SSN,GS-------S,LQYYN----WPRT,GDSFS---RKYG,IMPI--VGLT,ARDEIIGPHWFDS
51,1416,polyprotein,NIG------SKS,DD-------S,QVWDS----SSVV,GGTL----SNYV,FIPT--FRTA,ARGPLS-RGYYDY
52,1417,polyprotein,KLG------DKY,QD-------N,QAWDS----NTGV,GGTL----SNYV,FIPT--FRTA,ARGPLS-RGYYDY
53,19607,polyprotein,QGI------YNY,YA-------S,QQTNK----WPLT,GYTF----TDFT,IKPS--NGDT,ARFGGSYPYAMDY
54,217599,covid,ESVDN--YGISF,GS-------S,QQSKE----VPYT,GYTF----TSYT,INPT--SGYT,AREGHR--VGPAY
55,216925,covid,SSNI----GNNA,YD-------D,AAWDDS--LNVVV,GGSIS--SGSYN,IYNS---GST,ARHCSGGYYGMDV
56,834,polyprotein,QSLLES-DGNTY,SV-------S,MQTT-----HAPT,GFTF----SDSY,ITNS--GGRF,TRM--------DY
57,216904,covid,QGI------SNY,AA-------S,QKYNN----ALGT,GFTF----SDYY,IRSS--GHTI,ARGGVLRLNAFDI
58,217090,covid,QSVS-----SSY,GA-------S,QQYGS----SPWT,GFTF----TTSA,IVVG--SGNT,AAPHCNSYDAFDI
59,217109,covid,SSDVG---GYNY,EV-------S,SSYAG---SNHWV,GYTF----TGYY,INPN--SGGT,ARDMAFSRGSFDY
60,216800,polyprotein,QSV------SDN,GA-------S,QQYGA----SPWT,------------,INPI--SGTI,ARENKFRSGAFDM
61,217235,covid,QSIS-----GNY,GA-------S,QQYG-----SSYT,GFTF----SSYG,ISYD--GGNR,AKDRDDGYYFMDV
62,954,covid,QGI------RND,AA-------S,QQLNS----YPLT,GGTF----SSYA,IIPI--FGTA,ARVGYCSRGAFDI
63,217055,polyprotein,HSVS-----SSN,GA-------S,QQYGS----SPIT,GATF----SSFI,IIPM--FGTA,AMEVPGFSGYMDV
64,926,hiv,SNDVG---GYES,DV-------S,KSLTS---TRRRV,GFDF----SRQG,IKYD--GSEK,VREAGGPYHYMDV
65,217216,covid,QGI------SSY,AA-------S,QQLDSY--PPGYT,GVTV----SSNY,IYSG---GTT,ARDLMV--YGIDV
66,216905,covid,QDI------NNY,DA-------S,QQYD-----NLPA,GFTV----SRNY,IYSG---GST,ARDLFHRSGYHDY
67,217814,covid,QDI------SNY,YT-------S,QQSHT----LPWT,GVAF----SSYW,IYPG--DGDT,ARGFIATEETMDY
68,574,hiv,SSDVG---GFDS,DV-------S,SSLTD---RSHRI,GFTF----HKYG,ISDD--GMRK,AREAGGPYHYMDV
69,19661,influenza,QSI------SSY,AA-------S,QQSYS----TPRT,GGTF----SSYA,IIPI--FGTA,ARDPSFWAEYFQH
70,216742,covid,QGI------SSY,AA-------S,QQLNT----YPFT,GYTF----TSYY,INPS--GGST,ARDREPHYYALDV
71,19608,influenza,QDI------RKF,DA-------S,QQYDG----LPFT,GSSFGETLSYYA,INAG--GGDI,AKHMSMQGDAFDV
73,8738,polyprotein,QNV------YSY,GV-------T,QQYAG----SAYT,GFSF----SSYG,IWYD--GSKT,ARGIAGGFWGIDL
74,216915,influenza,SLR------GYS,GK-------N,NSRDTN-GYRPVL,GGSIS---SSNW,IQHG---GGT,AKVPPYCYHYMDV
75,217352,influenza,SLR------SYY,GK-------N,NSRDSS-GNHPVV,GGSIS---SSNW,IYHS---GST,ARAPPYCYYYMDV
76,400,hiv,QSIT-----GNW,RG-------A,QQYDT----YPGT,GVNTF---GLYA,IWR----WKS,TTTSTYDVMAFSS
77,825,hiv,NSVCC---SHKS,ED-------N,CSYTH---NSGCV,GYRF----NFYH,ISPY--SGDK,AKGLLRDTWLPYL
78,1000,hiv,QSVH-----SRY,GG-------S,QQYGR----SPYT,GFIF----ENFG,TNWN--GGDS,ARGTDYTFWYFDV
80,216619,covid,QSVS-----SSY,GA-------S,QQYGS----SPST,GFTF----SDHY,TRNKANSYTT,ARVHRWAGAYSDY
81,216842,hiv,QSVS-----SNY,GA-------S,QQYGS----SPGT,GGTF----DTYA,IIPV--LGIV,ARGLRSLYYYMDV
82,393,hiv,NIP------YEY,GD-------N,ASWDSM--TVDGV,GGTF----NSYA,IIPI--FGTT,ARYFDTYNYGFAN
83,548,hiv,QSV------SSY,DA-------S,QQY--------EF,GYTF----TGYY,INPN--SGGT,ARGKNSDNWDFQH
84,1298,covid,NIG------SKS,DD-------S,QVWDS---SSDYV,GGTF----SSYT,ITPI--LGIA,ARDTVM--GGMDV
85,19749,influenza,NSDVG---TFDL,EG-------S,SSYA-----GSVV,GYTF----TAYY,INPN--TGDT,AKDLTLMYYGMDV
86,216921,covid,QSV------SSY,WA-------S,QQYGS----SPLT,GFTV----SSNY,IYSG---GST,ARGYGD--YYFDY
87,217645,covid,QGI------GNY,AA-------S,LQHGF----LPWT,GGSF----SGYY,INHS---GST,ARGWDLDYYGMDV
88,19788,covid,QSLLHS-NGYNY,LG-------S,MQAL-----QTPA,GGTF----SIYA,IIPI--FGTA,AREGGHQCYDFDY
89,216888,hiv,QSLLHS-NGYNY,LG-------S,MQAL-----QAVG,GFTF----SSYS,ISNT--STYI,ARANQHFYYGMDV
90,216892,covid,SSDVG---SYNL,EG-------S,CSYAG---SSTLV,GYTF----TGYY,ISPV--SGGT,ARAPLFPYYGMDV
91,217031,covid,QSV------SSS,GA-------S,QQYGD---WPLVT,GFNF----NNYA,ISYE--ARNK,ARDLFLSRGGFDH
92,217386,influenza,QDI------SNF,DA-------S,QQYNS----LPIT,GFSF----SNFG,ISYD--GSKK,SKDRGDVYFGMDV
93,19609,hiv,QSLLLG-NGRNY,LG-------S,MEARQ---TPRLT,GESV----GDND,IGSS---GDT,VRGPESGYWGLGV
94,19773,hiv,PLT------SRF,RS-------S,QSSDTS--DSYKM,QDSRP---SDHS,IHYN---GAT,ARNAIRIHYGMDV
95,216890,covid,SGHS-----SYA,LNTD---GSH,QTWGT----GILV,GFTF----SNYA,ISYD--GSNK,ASGYTGYYYGLDV
96,216891,covid,SSDVG---GYKY,DV-------S,SSYTSS--STSVV,GYTF----TSYY,INPS--GGST,ARANHETYYYMDV
97,216922,influenza,QGI------GNY,DA-------S,QQYDN----LPLT,GFTF----DDYP,ISWN--GAGL,AKDRVDTHKSMDV
98,217086,hiv,SGSI----ASDY,ED-------N,QSYDMT--NHNWV,GYSF----STYW,IYPG--DSDT,ARLLNNYYWYLDL
99,206063,covid,QSVLYSSNNKNY,WA-------S,QQYY-----STLT,GFTF----RDVW,IKSKIDGGTT,TTAGSYYEGKFDY
100,216695,covid,QSLLHS-NGYNY,LG-------S,MQALQ----TPFT,GFTF----DDYA,VSWN--SGTI,AKAVEMVEYGMDV
101,216832,covid,QSV------SRN,GA-------S,QEYNN---WPPWT,GFRF----SDYY,IGSG--GFAT,ARGVTSYDDAFDI
102,216834,covid,QGI------YNY,GA-------S,QKYKS----APLT,GFKF----SDAW,IKSKADGQTT,TTGALVEGYYFDY
103,216872,covid,QSI------SSW,KA-------S,QQYNN----YRYT,GGSIS--SSRYY,IYYS---GST,ARHAAAYIEYFQH
104,217008,covid,QSLLHS-NGYNY,LG-------S,MQALQT--PITWT,GFTF----SSYS,ISSS--SSTI,ASPGGITYYGMDV
105,217406,influenza,QIID-----NKY,GA-------S,QQFGS----SVYT,GFMF----RSYD,MGKG---GET,ARALTEWYYGMDV
106,217794,influenza,TGAVT---TSNY,GT-------N,ALWFS----NHWV,GFTF----SGYD,ISSG--GDYI,TRDSDYYRVWFAY
107,998,hiv,ALG------SRA,NN-------Q,HMWDSR-SGFSWS,GGSI----SNYY,ISDS---EST,ARAQQGKYYYMDV
108,19671,hiv,ALG------SRA,NN-------Q,HMWDSR-SGFSWS,GASI----SDHY,VYDS---GDT,ARTQHGRYFYMDV
109,216560,malaria,QSLLHS-NGKNY,LG-------S,MQALQ----TPFT,GLTL----SEYA,ILSD--GTKK,ATDDNILYHGMDV
110,216665,influenza,SGHS-----TYA,LSSG---GRH,QTWD-----AGMV,GGSVN--TGSYY,SSVS---GTS,ARLNYDIYYFFDF
111,216889,covid,QSI------SYW,QA-------S,QQYNS----YPYT,GYSF----TSYW,IYPG--DSDT,ARSFRDDADAFDI
112,216951,hiv,SSDVG---SYNL,EV-------S,CSYAG---SSTVI,GYTF----TGYY,INPN--SGGT,ARGGWISYPNFDY
113,216953,hiv,KYDVG---SHDL,EV-------N,CSFGG---SATVV,GYTF----TDFY,MNPQ--TGRT,TTGGWISYPNFDH
114,217287,covid,SSNIG---AGYD,GN-------N,QSYDSS-LSGSKV,GDSIS--SSDYS,IYYI---KNT,ARERPPFYNWFDP
116,216827,covid,QSVLYSSNNKNY,WA-------S,QQYFG---SPSIT,GFTF----SNYG,ISYE--ESNR,AKDQGPARGAMDV
117,216880,covid,SSDVG---GYNY,DV-------T,SSFTS---SNTRV,GFGV----RNNY,IYSG---GTT,AREGDVERYYFDY
118,216906,covid,QDI------SNY,DA-------S,QQYDN----LPLT,GFTF----STYA,LSYD--GSNK,AKGGSYAYYYMDV
119,217069,covid,SGYS-----NYK,VGTG--GIVG,GADQGSGSNFVGV,GGTF----SSYA,IIPI--FGTA,ARREAYGYYGMDV
120,217231,covid,QSVS-----SSY,GT-------S,QQYGS---SPQIT,GFIF----SSYG,ISYD--GSYK,TKADYYDYYYMDV
121,217240,influenza,QSLLYSSRNKNY,WA-------S,QQYYS----IPLT,GFTV----SRNY,IYSG---DDT,ARGEMGDWAPFDY
122,217294,covid,RNVLYSSNNKNY,WA-------S,QQYYN----TPYT,GYTF----TSFY,IDPS--GGST,TRDGSAGNSWFDP
123,217295,hiv,QSVS-----NVA,EA-------S,QLS-------GRR,GGSL----DLYY,VYFD--GSYG,ARLGPGGDKWLDP
124,217371,covid,SSNI----GNNP,DN-------N,GTWHTS--LSSGV,GYSF----SNYW,IYPG--DSDT,TRHQYGYYYYIDV
125,217811,covid,ESVDF--YGNSF,RA-------S,QQSIE----DPRT,GYTF----ITYW,IYPG--GGRT,ARYDGNYYYAMDY
126,217812,covid,ESVNI--YGNSF,RA-------S,HQSNE----DPFT,GYTF----TSYW,IHPN--SGST,VRSGSYYYDYFDY
127,1347,hiv,RNILHSLNNKNY,WA-------S,QHYYT----THRT,GFTF----TDYY,ITKD--GSEK,ARDDGYYYGVFDL
128,1371,hiv,ALG------SRA,NN-------Q,HMWDSR-SGFSWS,GDSM----NNYY,ISDR---ESA,ATARRGQYYSMDV
129,19737,influenza,QSI------SSY,AA-------S,QQSYS----TPPA,GGSIS--SGGYY,IYYS---GST,AGGSTGDYYGMDV
130,211442,polyprotein,QNI------NNY,AA-------S,QQSHS----TVRT,GGSF----SSNA,INPV--LGIG,ATLHPRLWGWFDP
131,216557,hiv,ALP------KEY,ED-------T,YSRDTS--ANQWV,GYTF----AKFA,INGD--DGKT,ARAMYPDPFEGDY
132,216720,covid,QSVS-----SSY,GA-------S,QQYGS---SGALT,GLTF----SSYV,IWYD--GSKK,ARDPRDYYYGLDV
133,216929,covid,QSVLYSSNNENY,WA-------S,QQYYS----LPRT,ANTF----TNHY,IYPT--GGNT,ARDVRVDGTYFDY
134,216943,covid,QGI------DRY,AA-------S,QQLST---YPTIT,GFNF----GDFG,ISYE--GRNK,AKENRDRYYGMDV
135,216986,covid,QGI------SSW,DA-------S,QQYDN----LPLT,GGTF----SSYA,IIPI--FGTA,ASLASYSEDVFDI
136,217057,influenza,QSI------SNY,VA-------S,QQSYS----PVTT,GFTF----SSAW,IKED--GSEK,ARRFVERYDAVDI
137,217110,covid,QSVS-----SSY,DA-------S,QQYGS----SPLT,GGTF----NNNA,IIPF--FGIA,ARDLPREYYAMDV
138,217194,covid,QDI------SNY,DA-------S,QQYDN----PPLT,GYTF----TSYY,INSS--GGST,ARPPRNYAEYFQH
139,217385,influenza,QPI------RSY,AV-------S,QQSYS----TPYT,GGSL----SIYY,ISNS---GSP,ARGVLEQYYGMNV
140,217647,covid,QGI------SSY,AA-------S,QQLNS----YPHT,GGSI----SSYH,IYYS---GNT,VREMRRGLYAFDI
141,390,hiv,QGV------TSA,DA-------S,QQLHF----YPHT,GFSLS--DFGVG,IYSD---DDK,AHRRGPTVNAMDV
142,498,influenza,QSVS-----SSY,GA-------S,QQYGS----SPWT,GFSF----DEYT,INWK--GNFM,AKDRLESGGTFDI
143,524,hiv,SLR------SHY,GK-------N,SSRDKS-GSRLSV,GFDF----DNAW,ITGPGEGWSV,ARTGKYYEEYFQD
144,545,influenza,SSNI----GSNP,AD-------E,AAWDDSLSGPAVV,GFMF----SSYV,IWYD--GSKT,ARQQDSGHYGMDV
145,987,influenza,QSV------SSN,GA-------S,QQYNN----WPYT,GFAYS--STYFW,IDPT--DSYI,AYHRRGHWDWFES
146,19636,hiv,QNI------KDY,AA-------S,QESYSS--TPTHI,GFFF----DNSW,IRRLKDGATG,TMDEGTPYYYMAV
147,19637,hiv,QSI------KDY,SA-------S,QESYSS--VPMYI,GFTF----SNTW,ISRVGDGPII,TADEGAPNYYMDV
148,19668,covid,ESVDN--YGISF,AT-------S,QQSKE----VPRT,GYTF----TDYA,FSTY--YGNT,ARKSYYVVDAMDY
149,216997,covid,SSNIG---AGYD,GN-------S,QSYDSSLSGFYVV,GFTF----SSYG,IWYD--GSNK,AKGPDILYYGMDV
150,217067,covid,SSDVG---GYNF,EV-------S,FSYTT---STTWV,GYIF----TSYS,IKPS--DDST,AREARGYPGYFDY
151,217404,influenza,QSI------GAS,AA-------S,QQQ--------GT,GGSVS--SNIYY,FYHS---GSS,ARGGVENMWYFDL
152,357,hiv,STDVN---GYNY,DV-------S,SSYTSS--TPYVL,GFTF----NNYW,IKQD--GNDK,AREFSSYYYYMDV
153,499,influenza,SSNI----GTNY,RS-------Y,ATWDDS--LDGWV,GYIF----TESG,ISGY--SGDT,ARDVQYSAYYFDY
154,900,influenza,QSI------SSY,AA-------S,QQSYS----IPLT,GGSI----SSYY,IYYS---GST,ARRRSDFYHYMDV
155,921,hiv,SSDVG---GYKY,EV-------S,SSYTS---SSTWV,GASIS--SGGYF,IYYI---GNT,ARVPRLRGNYFDS
156,969,hiv,SN--------NF,DV-------N,GSLVG---NWDVI,GDSTA--ACNSF,LSHCANRGWT,ARFGGEVPAWVDL
157,1340,influenza,QSV------RSN,GA-------S,QQYNH----WLRT,GFTF----RDSA,ISGN--GGAT,AKDESPPYYYMDV
158,1458,hiv,QSVS-----SGS,GA-------S,QQYGT----SPYT,GGTF----SMYG,IIPI--FGTS,ARDFGPDRGFFDF
159,19634,hiv,QKI------SDY,AA-------S,QEAYSS--TPTLT,GFTF----SNTW,ISRNKDGAKT,TADLGEPYYYMDL
160,216624,covid,SSDVG---GYNY,DV-------S,SSYTS---SSTYV,GYTL----IELS,FDPE--DAET,ATGIAVIYYGMDV
161,216664,covid,QSVLYRSNNKNY,WA-------S,HQYYS----TPFT,GFTF----SSYP,ISYD--GSNK,ARDTEDCTCYVDY
162,216725,hiv,QNIS-----SSW,AA-------S,QYYGG----SFFT,GGTF----TNFA,RVPV--VGIY,TRWRGAGNDASDV
163,216756,hiv,QDI------KKS,DA-------S,QEYEN----LQFT,GFAF----KDFG,IGGGH-GQHQ,AKDRLGRYYGMDV
164,216852,covid,QSI------SSY,AA-------S,QQSYS----TPRT,GFTF----SIYG,ISYD--GSNK,AKEGRPSVVAFDY
165,216863,covid,SSNIG---AGYY,GN-------S,QSYDSR--LSGWV,GFTV----SSNY,IYPG---GST,ASSRPPILDWFDP
166,216886,covid,QSVS-----ASY,GA-------S,QQYGT----TPRT,GGSL----SGYY,INHF---GST,ARKPLLYPGAFDI
167,216898,covid,SGHN-----SYA,LNSD---GSH,QTWDT----GIRV,GFTF----SIYE,ITTS--GHAR,ARPQYHYSYGFDI
168,217019,influenza,QGVS-----SSY,GS-------S,QQYA-----TSPT,GDTF----SSYS,IFPI--FGST,ARGASKVSDAFDM
169,217087,covid,QSI------SRY,AA-------S,QQSYST--PPEYT,GFTV----SSNY,IYSG---GST,ARVLPMYGDYLDY
170,217104,covid,SSDVG---SYNY,DV-------T,SSYTS---SSTWV,GYTL----IEIS,FDPE--AGET,ATGPAIATNWFDL
171,217338,covid,SSNIG---AGYD,GN-------T,QSYDSSLSGSEVV,GYTF----TNYG,ISAY--KGNT,ARPDYQVYYGMDV
172,217389,covid,QGI------SNY,AA-------S,QQLNS---YPLFT,GFTF----NNYI,IGSD--GRNT,VKGLDVLLDAFDI
173,920,hiv,SSNI----GRSY,DT-------N,GAWDGS--LNVHI,GGSI----RRNY,SYGS--GGST,ARTVWYYTHYFDH
174,928,influenza,QSLLHG-NGYNY,LG-------S,MQALQ----TPLT,GYSF----SDYW,IYPA--SSEI,ARHASCSWGPVDY
175,986,influenza,SSNIG---AGYS,GS-------N,QSYDSS-LSGSQV,GDSVS--SGSYY,MHGS---GHT,ARALLTTVTTFEY
176,988,influenza,SSNIG---AGYD,GN-------S,QSYDS----SVVV,GFTF----SNYA,ISGNG-GSGT,VRDDSYDHNWFDS
177,19852,hiv,QSVVYS-DGDTY,KV-------S,FQGSH----VPYT,GYAF----SDYE,FDPK--SGAS,TRLRYF--GYFDV
178,216749,hiv,SSNIG---AGYD,GN-------N,QTYDSR-LRDQWV,GFSF----GNAW,IKSKSDGGTT,VRGPFYCCGPNDY
179,216818,covid,QSLLHS-NGYNY,LG-------S,MQALQ----TPGT,GFAF----TTYA,ISDG--GGSA,AKTRGRGWGSKDY
180,216845,covid,QSILYNSNNKTY,WA-------S,QQYYS----IPLI,GFTF----SNYG,ISYD--GSHK,AKDSSAAYYGMDV
181,217018,influenza,QNI------RSF,AA-------S,QQSYN----TPPT,GVSVT--SDIYY,IFYN---GDT,ARGTEDLGSCPNH
182,217042,covid,QSI------SSW,DA-------S,QQYNS----YPGT,GFTF----DDYA,ISWN---SGI,AKGRPLDGDDFDI
183,217044,covid,QSVS-----SSY,GA-------S,QQYDNW--PLMHT,GYSF----TSYW,IYPG--DSDT,ARHPSPYSGGFDY
184,217212,covid,SSDI----GSNT,TN-------N,AAWDES--LNGRV,GGTF----SSYG,VIPI--LSAK,ARDILHHYDGMDV
185,217925,hiv,QSLLDS-DGNTC,DV-------S,MQFVE----FPLT,GGTPG--RGFLY,TATN--TDIT,TSRAKDYYSRIDV
186,523,influenza,SSNI----GSYT,SL-------N,AAWDDS-LSAHVV,GFTF----SSYA,ISYD--GRNK,ARELLMDYSPGPT
187,909,hiv,QDI------ANY,GA-------T,QQSFQ----TVGS,GFTF----NNYA,TSAH--GGSA,VRVTFYHGNYFDS
188,19589,polyprotein,QSI------SKW,TT-------S,QHFYS----VPWT,GFTF----RDYA,YSGI--DDST,AKDRGPRGELFDS
189,19595,influenza,QSVS-----SYY,ET-------S,QHYGV---SPVIT,GFTF----NIYD,ITTA---GDT,TRGVREVYYGMYV
190,19719,influenza,HSNIG---AGFD,AN-------N,QSFDSI-LSGDLV,GGSIK--NKDFF,VFYS---GGA,ATSYVDNLHWFDS
191,19772,hiv,QSVLYRPNNRNY,WA-------S,QQYF-----FLYS,GFPF----NRDW,INMD--GDKK,ARIRQVSPGVFEM
192,216981,polyprotein,QSLVYS-DGNTY,KV-------S,MQGAH----WPPT,DGTF----RAYT,IMPT--VGIT,AKGPYVGGEGFSE
193,216995,hiv,SSNI----GNND,EN-------N,GTWDSS--LSAVV,GATL----NSHA,IIPI--FGSS,ASNSIAGYYDMDV
194,217024,covid,SSDVG---GYNY,EV-------S,SSYTS---SSNVV,GFTF----SDYY,ISSS--GSTI,ARARGSSGNWFDP
195,217052,covid,QSI------GRW,DA-------S,QQCD-----SLLT,GFTF----SSYA,ISGS--GGST,AKSGEQQAEYFHH
196,217080,hiv,DIG------STL,DD-------S,QVWHS---TSAVI,GYRF----PSSW,IYPG--DGET,ARHGRGVINAFDI
197,217156,hiv,QSV------TKY,GT-------Y,QQAHS----TPWT,GDSVS--NDNYY,IYYS---GTT,VRMPSHGYWYFDL
198,217167,covid,SSDIG---AYNY,EV-------S,SSYA-----GSIS,GDSVS--SNSAA,TYYRS-KWYN,AREEQQLYYGMDV
199,217215,covid,SSDVG---SYNL,EV-------T,CSYAG---SSTWV,GFTV----SSNY,IYTG---GTT,ARAHVDTSGAFDI
200,217810,covid,QSLLNSGNQKNY,WA-------S,QNDYS----YPLT,GFNI----KNIY,IDPA--NGNS,ADEGW----GFAN
201,326,influenza,SSNI----GSNT,GN-------N,AAWDDS-LNGFWV,GFSLS--TSGMS,IDWDDDTYYI,ARTLRVSVRDFDL
202,538,hiv,SGSV----ASDY,ED-------N,QSYDN----SSWV,GYRF----TSYW,IYPG--DFDT,ARLGGRYYYYLDY
203,642,influenza,NIG------TKV,DD-------S,QVWDIS--TDQAV,GYSIS---SNYY,IYHS---GST,ARHVRSGAYYFDK
204,674,polyprotein,QSV------SSN,GA-------S,QQYYR----SPLT,GGTF----DNYA,VVPL--FGTT,VRSVTPRYGEFDY
205,695,hiv,QHI------KKY,GA-------L,QQSYS----TPFT,GYNF----ASEW,IYPG--DSDT,ARQNHYGYYAMDV
206,1551,hiv,QSV------RNN,GA-------S,QQYN-----NWWT,GYNF----NDYY,IDPS--GGRT,VRNVGTALLHYDH
207,1585,polyprotein,QHV------GSA,SA-------S,QQYN-----SYPT,ENTF----TEYT,IDPN--NGGT,GRRDY---YALDY
208,1586,hiv,QSI------STW,TA-------S,QQYIS----LPPT,GVSF----SSFW,IYGS--SGRG,SRGLFQPSYWFDV
209,19630,hiv,HFI------ANY,ES-------S,QQSHS----PPVT,GFYF----PDYA,MRGWAYGGSA,AREQRNKSYGMDV
210,204643,covid,SSDVG---AYNY,DV-------S,SSYTT----TSVV,GFSLS--TPGGG,IYWD---DDK,ARLTAA-DTIFDC
211,216887,covid,SSDVG---GYKY,EV-------S,SSYEGS--NNFVV,GFTV----SSNY,IYSG---GST,ARGEGW-ELPYDY
212,216945,malaria,NSNIG---AGYD,GN-------S,QSYDTS--LNGWA,GFSF----GDHA,IRKTTYGATT,TRVQLDYYYGMDV
213,217273,hiv,QGI------SNE,YA-------S,QHMSS----YPLT,GYTF----TGNP,INPH--SGDT,ARDKYYGAVGMDV
214,217378,influenza,QSVSFGSSDKNY,WA-------S,HQYYT----PPYS,GFTF----RDSV,TSFD--GGES,ARDRG----GLDV
215,217407,influenza,QGI------STP,DA-------F,QQFYD----YPIT,GFTF----SNYE,IRSS--GTVT,ARDLVYTYYGMDV
216,217787,covid,QDV------GTY,WA-------S,QQHYS----TPYT,GYTF----TNYW,IDPF--DTYI,ARPDSSGPVYFDY
217,217788,covid,QDV------GTT,WA-------S,QQHYN----TPYT,GYTF----THYW,IAPS--DNYV,ARPDNSGPVYFDY
218,217808,malaria,SNDVG---IYNH,DV-------N,CSYAG---SSAWV,GYTF----TNYA,INAG--NGYT,ARDSFYDYYGMDV
219,217981,covid,SSNIG---AGHY,EN-------D,SVWDR---SLNTL,GFRF----SDYW,IKTKADFGTP,TRDRGILAGWFDV
220,27,hiv,QSVG-----NNK,GA-------S,QQYGQ----SLST,GGSF----STYA,VIPL--LTIT,AREGTTGIGAFAH
221,355,hiv,SSNI----GNNY,GN-------N,ATWDSG-LSADWV,GFTF----SDVW,IKSRTDGGTT,TTDGFIMYYYMDV
222,359,hiv,QDI------RNY,DA-------S,QQHQN---VPLTT,GFTF----RNYA,IKYD--GRNK,ARDIGLKAYGPDY
223,551,polyprotein,ESVDN--YGISF,SA-------S,HQSKE----APYA,GYTF----TNYW,IYPS--DSFT,ARSSIYYDYVLDY
224,636,hiv,RGI------GKD,DA-------S,QQY--------ET,EDDDYSPAPEHF,MNPT--NGAV,ARAQKRGEWAYAH
225,666,hiv,SLG------SRS,NN-------N,HIWDSR-RPTNWV,GTLV----RDNY,VHDS---GDT,ATTKHGRYFYMDV
226,892,hiv,QAIT-----PRH,GT-------S,QCL--------EA,GYEF----VEIL,MNPR--GGGV,VRGRSCCNWDFQH
227,911,hiv,HSLLYAPYDKDA,WA-------S,QQTRW----TPPT,GFDF----SRNG,VTFE---SKT,VKDQTIFFSYFDL
228,1358,hiv,SRDVG---GFDL,EV-------N,YSYA-----DGVA,GYKF----TGYH,INPF--RGAV,AREMFDSWRGMVA
229,1372,influenza,QGLVYI-DGNTY,NV-------F,MQGTH----WPYT,GYSF----SSYG,ISAY--NGNT,ARDRPHIGFDFDY
230,1587,hiv,QAIS-----KSH,GT-------Y,QCF--------EG,GYDF----MESL,MNPR--GGGV,VRGKSCCNWDFEY
231,19635,hiv,QNI------RDY,AA-------S,QENYNT--IPSLS,GFFF----DNSW,IRRLKDGATG,TMDEGTPYYYMAV
232,19730,hiv,TNDIG---AYNG,EV-------N,GSYRS---GSTWV,GGSIG---DDYY,IYGS--FGGT,ARGSHSIGYYFDY
233,19747,hiv,SLR------SHY,GK-------N,SSRDKS-GSRLSV,GFDF----DNAW,ITGPGEGWSV,ARTGKYYEEYFQD
234,19799,malaria,QSVLYSSNNKNY,WA-------S,HQYYS----SPLT,GYTF----TSYA,IKAG--NGNT,ALLTVLTDDAFDI
235,216642,covid,QSV------SSD,GA-------S,QQYNN---WPPFT,GGTF----SSYA,NIPI--FGTA,ARGVGYRLNWFDP
236,216726,covid,SSDVG---GYKF,DV-------S,SSYTN---SSTVV,GGTF----STYP,IIPI--FGTA,AREGRRYTGYFDY
237,216796,polyprotein,QSVS-----GSY,GA-------S,QQYG-----SSPT,GGNF----NSYS,FIPM--FGTS,VRPETPRYGEFDN
238,216799,polyprotein,QTVA-----SNS,GA-------S,QQYG-----LSST,GDTF----RSYV,IIPF--FGTT,AKAGDLSLRHFDP
239,216829,covid,SSNL----GGNT,SN-------N,AAWDDS--LNGPV,GYSF----TNYW,IYPG--DSGT,ARSRVGADYYMDV
240,216835,covid,QDI------SSY,AA-------F,QQYYS----FPHT,GFTF----SNYD,ISSS--STYT,ARDRAYRDDAFDI
241,216838,covid,QSV------RYN,DA-------S,QQYDN---WPPWT,GNIS----PNFW,IYPD--DSDS,VYGSGSPSNWFHP
242,216916,covid,QGI------SSW,AV-------S,QQAKS----FPFT,GFTF----NNYP,ISQD--GGNK,ARDVVVVYNGMDV
243,217050,covid,DIG------SKN,DD-------S,QVWDSTGDHPDVV,GYTF----SSYD,MSPN--SGNT,ARMSSSLTNYLDY
244,217051,covid,QDI------NKF,DA-------S,HQYDN----LPRT,GFTV----SRNY,IYPG---GSA,ARDPVSTYHDSDY
245,217138,covid,QSVLYSSNNKNY,WA-------S,QQYYS----TPHT,GFSLS--TSGVG,IYWD---DDK,AHSLFLTWSPFDY
246,217207,covid,QSVS-----SSY,GA-------S,QQYGS----SPIT,GGTF----SSYA,IIPI--LGIA,ASKQGDYSYAFDI
247,217285,covid,QTI------SDY,AA-------S,QQSYI----TPRT,GFTF----SSYG,ISYD--GSNK,AKDSPYYPGYFQD
249,217809,covid,QTI------GTN,YA-------S,QQINS----WPLT,GYNF----NHYW,IYPL--SHFT,ARWDYFDSRTFDY
250,187,gram-negative,QSLLNSRTRKNY,WA-------S,KQSN-----NLRT,GFTF----TDYY,IRNKAKGYTT,ARDISPSYEGFAY
251,299,gram-negative,QSLLNSRTRKNY,WA-------S,KQSY-----NLRT,GFTF----TDYY,IRNKAKGYTT,ARDINPGYDALDY
252,304,hiv,QSI------SNW,KA-------S,QQHDS----SPYT,GGTF----SNYA,IIPI--FNIA,ASPYPNDSWYFDL
253,354,hiv,HSIR-----SRR,GV-------S,QVYGA----SSYT,GYRF----SNFV,INPY--NGNK,ARVGPYSNYYMDV
254,395,hiv,KLD------DKY,QD-------F,QAWDA----STGV,GYNF----LDSW,IYPD--DSDA,TRLYLFESNAFDL
255,519,influenza,NIG------RKR,ED-------S,QVWDSD--SDHVV,GYTF----TDNY,IHPN--SGAT,ARAGLEPFYGLDV
257,890,hiv,QY--------GS,SG-------S,QQY--------EF,GYDF----MESL,INPR--GGGV,VRGKSCCNWDFEH
258,1259,influenza,QSVD-----SSS,AG-------S,QQCGN----SPWT,GYSF----SSYW,INPR--DSDT,ARVVADRYYGMDV
259,1420,gram-negative,QSLLNSRTRKSY,WA-------A,KQSY-----NLRT,GFTF----TDYY,IRNKPKGYTT,VRDIYSFRDGMDY
260,30934,polyprotein,QSLLHG-DGKNY,AA-------T,FQGLQ----SPYH,GFTF----TSTY,IDTR--GGRT,ARIYRYGLNAFDL
261,216757,covid,SSNIG---AGYD,GS-------S,QSYDSS-LSVLYT,GFTF----SSYY,ISED--GYST,ARDFSGHGTGFEY
262,216797,polyprotein,QSVS-----SSY,GA-------S,QQYGS----SPQT,GDTF-----NEP,IIPA--FGVT,AKVGLRGMNWLDP
263,216853,covid,NIG------TKS,YN-------S,QVWDSG--SDHYV,GFTF----SSYG,IWYD--GSNN,ARSYCSGYYGLDV
264,216859,covid,QGI------SSY,AA-------S,QQLNS----YPLT,GGSIT--SSNHY,MYYS---GST,ARQIGPKADWFDP
265,216881,covid,QSVS-----SSY,GA-------S,QQYGS----SPGT,GFTV----SSNY,IYSG---GST,ARDLYS-SGGTDI
266,216894,covid,QSI------SNW,EA-------S,QQYNS----YPWT,GFTF----SSYA,IPFD--GRNK,ASSSGY-LFHSDY
267,216938,covid,QYI------YDS,DS-------S,QQSWD----TPVT,GFTF----SDHY,TRNKANSYTT,ARGISP--FYFDY
268,217096,covid,SSDVG---GYNY,EV-------S,SSYAG---SNNLV,GYSIS---SGYY,IYHS---GST,ARAVVGIRRAFDI
269,217177,covid,QGI------SSH,AA-------S,QHLNS---NPPIT,GFIV----SRNY,IYSG---GST,ARDLVV--YGLDY
270,217198,covid,QSV------SSY,DA-------S,QQRSN---WPPVT,GDTF----TGYY,INPN--SGVT,AREETIVPYGLDV
271,217310,hiv,SDISV---SSYN,YYSD---SDK,MIWPS----NAWV,GYTL----TELS,FDRE--DGET,AIDPIRYWNYGDY
272,217403,covid,SGSI----ASNY,ED-------N,QSYDS----SNQV,GFTF----SNAW,IKSKTDGGTT,TTGSETYSGPFDY
273,217496,covid,SSDVG---TYNY,DV-------S,SSFTT---SSTVV,GYIF----TGYY,INPN--SGGA,ARGSRYDNNWFDP
274,217515,polyprotein,KNI------YNN,AA-------T,QHFWH----TPWT,GFTF----TDYY,IRNKASGYTT,TRAKWD-GHYFDY
275,217659,polyprotein,ESVDS--FGKSF,LA-------S,QQNNE----VPFT,GYTF----TSYW,IWPG--DDDT,ARKGG---FAMDY
276,550,polyprotein,ESVDG--YGYSF,LA-------S,QQNNV----DPWT,GDSI----TSGY,ISYS---GST,ALITTS-TYAMDY
278,889,hiv,QY--------GS,SG-------S,QQY--------EF,GYNF----REYS,IKGM--WGAV,VRKGPSCDFHWQH
279,906,hiv,SD--------RV,DV-------Y,TSH-------PYA,GDDLGSHFGTYF,ILPS--TKTP,ARERGRHGKFFDL
280,1393,hiv,QGVDF--DGASF,AA-------S,QQSHE----DPLT,GYSIT---SGYS,IHYS---AGT,AREEAMPYYAMDC
281,1400,influenza,QSVA-----SSY,GA-------S,QQYDG----SQYT,GDTVS--SNRAA,TYYRS-KWYT,ARGSAMIVIILES
282,19734,malaria,QSVLYSSNNKNY,WA-------S,QQYYS----TPIT,GFTF----SSYA,ISGS--GGST,AKDPGGDRTWFDP
283,19827,malaria,QSVLSSSNNKNY,WA-------S,QQYYT----ASPF,GFRF----SDYG,IWYD--GSNE,AKLLVGITDVFDV
284,216639,polyprotein,QGI------SNY,AA-------S,QQHDN----LPLT,GGTL----SSYG,SIPI--LGTS,AGVREGMKNAFDI
285,216679,hiv,VLP------KKY,ED-------N,SSTDSS--GDHYV,GYNF----TTYA,INGG--NGDT,ARESGDYISGALD
286,216703,covid,ALA------KQY,KD-------S,QSTDNSGTYPNWV,GFTF----SSYG,ISYD--GSNK,AKDSGYNYSWFDP
288,216828,covid,QGI------SSW,AA-------S,QQANS----FPWT,GYTF----TGYY,INPN--SGGT,ARVGAHDDNWFDP
289,216846,covid,SIDVG---NYNL,EG-------S,CSYVG---SSTYV,DGSIS--SSDYY,IYYT---GST,ARLVVPSGSWFDP
290,216940,covid,QSI------YSA,AA-------S,QQTDI----HPYT,GYGF----ITYW,IYPG--DSET,AGGSGI-STPMDV
291,216972,hiv,VLP------KQY,KD-------T,QSTDSS--DIYLV,GYTF----TDYY,INPR--RDTT,AKNVGFCYVGMDV
293,217056,polyprotein,RTIS-----RTH,GV-------S,HQYGN----SPQT,GGTY----NGEV,FIPM--FGIA,AKVLQVGVRPLDL
294,217092,covid,QGI------SNY,AA-------S,LQHNS----YPYT,GFTF----SSYA,ISGS--GGST,AKGYYYDEDAFDI
295,217134,covid,QDI------SNY,DA-------S,QQHDA----LPWT,GFTF----SSYA,IWGS--GSNT,ARGRDLAKTAFDV
296,217229,covid,ALP------KQY,KD-------S,QSTDSSAYPGNVV,GFTF----RTYA,ISYD--GSNK,ASRGDTVGDAFDI
297,217813,covid,ENV------YSF,RA-------K,QHHYG----TPPT,GYVF----STSW,IYPR--DGHS,ARDYGY--YYFDY
298,170,hiv,QSV------GRN,DA-------S,QARLL----LPQT,GGSM----INYY,IIYG---GTT,ARVAIGVYYYMDV
299,303,hiv,ESV------SSD,GA-------S,QQYNNW--PPRYT,GDTF----IRYS,IITI--LDVA,AGVYEGENGFLKH
300,806,hiv,SSDVG---SYNF,EV-------S,SSYAGS--TTFRV,GFTF----STYA,INNS--GRNT,AKDLRL-GGGSDY
301,1605,hiv,QGG-------NS,DT-------S,QQF--------EF,GFNF----REYS,IKGM--WGAV,VRKGPSCDFHWQH
302,19823,hiv,YGLD-----TSH,GT-------S,QNSGG---GTPLI,GYEF----PDYY,IKVGH-GGGA,SRDNFGTYYGMDV
303,59128,covid,QSVLYSSINKNY,WA-------S,QQYYS----TPYT,GYGF----ITYW,IYPG--DSET,AGGSGI-STPMDV
304,216581,malaria,QSV------SSY,DA-------S,QQRS-----NWYT,GFTF----SIYG,IWYD--GTNK,ARDAHYSWGYFDY
305,216604,covid,QDI------SSY,AA-------S,LQHNS----YPYT,GFTF----SSYG,IWYD--GSDK,AREAT---AGFDY
306,216640,covid,SSDVG---GYNF,DV-------S,SSYTS---SSTFV,GYTF----TGYY,INPI--SDGT,ARGGSRCYDAFDI
307,216735,covid,SGSI----ASNY,ED-------N,QSYDGS--NHNVV,GFTF----SSYW,INQD--GGEK,ARVWYY-YGPRDY
308,216855,covid,QSVS-----RNY,GA-------S,QQYGS----SLFT,GFTF----ITSA,IAVG--SGNT,AAPHCNRHDGFDI
309,216860,covid,QSV------TSY,DA-------S,QLRSN---WPPIT,GGSIS--SSSHY,IYYS---ESA,ARVTEPRSCYFDY
310,216873,covid,SSNIG---AGYD,GN-------S,QSYDSS-LSALYV,GYSF----TSYW,IYPG--DSDT,ARGVAV-DWYFDL
311,216874,covid,SSNI----GSNT,SD-------D,ASWDDR--LNGVV,GGTF----NSFA,VIPV--LEIA,ARHHIAVQPYFDY
312,216919,covid,SSNIG---AGYD,GN-------N,QSYDSS--LSGWV,GVTF----SSYW,IRQD--GSEK,ARARRADGFHFDC
313,216963,hiv,QSVFHSSNNKNY,WA-------S,QQYYS----TPLT,GYNF----TNYW,IYPS--DSDT,VTSGIY--GYLDY
314,216976,malaria,QSLLDN-DGKTY,EV-------S,MQRID----LPWT,GFTF----GDYA,IRSKGFGGTA,SRVGVV-IATAVY
315,217012,covid,QSV------SSY,DA-------S,QQRSN---WPPVT,GYTF----TGYY,INPN--SGGT,AREVMVRPYGMDV
316,217017,influenza,TSNI----GSNA,SN-------N,AAWDDS-LSGSWV,GGSIS--SGTYY,IYHS---GSA,ARAENLLAEGFDP
317,217039,covid,QSI------SSY,AA-------S,QQSYST--PRQWT,GYSF----TSYW,IYPG--ESDT,ARIRGVYWIGGDY
318,217097,covid,QSI------HSF,SA-------S,QQSYI----APWT,GFNF----DDYA,ISGN--SGSV,AKETTPWSGGLDV
319,217108,covid,QSI------ASY,AA-------S,QQSYS---TLGIT,GYIF----IRYG,ISAN--NGYT,ARDGGILLDYFDH
320,217151,covid,QSI------SSY,AA-------S,QQSYS----TPYT,GFSF----NSYG,IWYS--GSDR,ARDPHCTCDAFDL
321,217166,covid,SSDVG---GYNY,DV-------S,SSYTS---SSTVV,GGSIS---SNNW,IHHS---GGT,TRDRAGGYSGFDF
322,217183,covid,SSDVG---GYNF,EV-------T,SSYGG---TNNLL,GDTF----SDYR,MNPK--SGDT,ASLLIVGLDDFEV
323,217199,covid,QSVR-----SSY,GA-------S,QQFGS----SPWT,GFSF----SMSA,IVPG--SGNA,AAPHCNKYDAFDI
324,217228,covid,QSI------SSF,DA-------S,QQSYE----NPLT,GGSI----SRYS,MYSS---GGT,AAASIDQRDAFDI
325,217311,hiv,SDINV---GSYN,YYSD---SDK,MIWPS----NAWV,GGSIS--SGGYY,IYDS---GST,ASLPYCSRPRTDY
326,217318,covid,QGI------SSY,AA-------S,QQLNS---YPPFT,GLTV----SSNY,IYSG---GST,ARDVA---DAFDI
327,217350,polyprotein,QSI------SSF,AA-------S,QQSYS----TPRT,GGAS----ITQA,ITPI--FGTV,AREVNLKPNVFDV
328,217978,hiv,SSNI----GDDS,YN-------D,AAWDDS--LSAYI,GLTF----SNSW,IKTKADGGTA,QGAVVISHEYIEI
329,347,gram-negative,QSLLNSRTRKNY,WA-------S,KQSY-----NLRT,GFTF----TDYY,IRNKAKGYTT,ARDHDGYYERFAY
330,503,polyprotein,ESVDG--YGNSF,LA-------S,QQNNV----DPWT,GDSI----TSGY,ISYS---GST,ALITTT-TYAMDY
331,559,hiv,QS--------GS,SG-------S,QQY--------EF,GYTF----TGYY,INPN--SGGT,ARGKYCTNWDFQH
332,605,influenza,QVI------SHN,GA-------S,QHYSNW--PPRLT,GPTF----SSYA,ISYD--GANQ,AVPGPVFWSYFDN
333,662,hiv,QGG-------NA,DT-------S,QQF--------EF,GYNF----RDYS,IKPL--WGAV,VRRGSCDDFPWQY
334,908,hiv,QGL-------NF,GP-------T,QEYSS----TPYN,EYTF----NEFV,IKRS---GRL,ARDGLGELYGIDA
335,912,hiv,PSNV----GGNY,RD-------D,ATYDSD--GSIRL,GYNF----VKYI,IDPY--RGRP,ARAEAASPIMFDH
337,1545,polyprotein,QSLLHSGNQKNY,GA-------S,QNDHS----YPLT,GYTF----IGYW,IFPG--SGRT,ARYYYGSYYALDY
338,1580,hiv,QII------NTN,AA-------S,QQYKH---WPPYT,GGSF----GRYY,IDHT---GST,ARAPSGYYYGLDV
339,19727,malaria,SSNIG---AGYD,GN-------I,QSYDRR-LSGSWV,GFTF----SNYG,IWYD--GSRN,ARAAYYDSGYGDY
340,216564,malaria,QSLVYS-DGNTY,KV-------S,MQGTH----WPWT,GFTF----SSYG,IWYD--GSYK,ALGYSSGQGTLDN
341,216566,covid,QSVS-----SSY,GA-------S,QHYGS---SRGWT,GFTF----MSSA,IVIG--SGNT,AAPYCSSNDGFDI
342,216654,covid,SSDVG---GYNY,EV-------S,SSYAG----SRMG,GYTL----IELS,FDPE--DVET,ATGWAYKTWYFGY
343,216716,hiv,YSNIG---AGYD,AY-------T,QSYDAR-LRDGEV,GFTF----SDAW,IKSNADGGAT,LTPP-----PRRY
344,216854,covid,SSDVG---SYNL,AG-------S,CSYAG---SSTWV,GYTF----TSYG,ISPY--NGNT,ARDGEL-LGWFDP
345,216895,covid,ALP------KKY,KD-------T,LSADT---SGTWV,GDSIS--NEDYH,LQYS---GNT,ATSIVLTIQPFDY
346,216896,covid,ALP------KKY,ED-------D,YSTDT---NDNHA,GFTS----KNTA,IDIS--NYIT,AAVGKDDNKYFDH
347,217021,hiv,QSVS-----GGA,GT-------S,QQYGT----SQST,GGSF----SSYA,IVPL--VSST,AREGEGWLRAFEF
348,217105,covid,KLG------DKY,QD-------S,QAWDS----NTGV,EFTF----SSYS,ISSS--GSQI,ATNGGAHFYGMDV
349,217176,covid,SSNI----GSNT,SN-------N,AAWDD---SLKGV,GFTF----SSYA,ISYD---GSN,ARGLGLRWPISSY
350,217210,covid,QTI------SSY,DA-------S,QQSYN----TPYA,GFTF----DDYA,ISWN--SGSI,AKSTALRYYGMDV
351,217232,covid,QGI------SSW,AA-------S,QEANS----FPYT,GFIV----SSNY,IYSG---GST,ARDLQE-LGSLDY
352,217278,hiv,QSVS-----GGA,DT-------S,QQYGT----SQST,GGTF----STLA,IVPL--FSIV,AREGEGWLRAFEF
353,217288,hiv,QSVS-----SSY,GA-------S,QQYGT----SQST,GGTF----SSYA,IIPI--FGTA,AREGEGWLRAFEF
354,217312,covid,SSNIG---AGYD,GN-------S,QSYDSS--LSGSV,GGTF----SSYA,IIPI--LGIA,ARENGYSAANFDL
355,217667,polyprotein,ESVDA--HGYSF,LA-------S,LKNNE----DPWT,GDSI----TSGY,ISYS---GGN,ARLSDS-LYAMDC
356,217804,polyprotein,KSVST--SGYSY,LV-------S,QHIR------ELT,GYTF----TDYN,INPN--NGGN,ARSPMYFSYYFDY
357,217939,hiv,QDI------KNS,HS-------S,QQYED----FPLT,GDTIS--SPYYF,LYSN--TMDV,ARERVVAYYGLDL
358,351,hiv,SSNV----ENNY,RN-------D,AAWDDSRGGPDWV,GYSF----SDYW,FYPG--DSDS,ARLGGDYADAFDF
359,546,influenza,QSV------AGN,GA-------S,QQYNN---WPPWT,GDTF----SSYT,ITPI--FGSP,ARVGGEWRYYLDH
360,562,hiv,QGG-------NS,DT-------S,QQF--------EF,GYNF----RDFS,IKPM--WGAV,VRRGSSCDFHFEH
361,1249,gram-negative,QRIVHS-NGNTY,KV-------S,FQGSH----VPFT,GFTF----SDYY,MSNV--GAIT,ARGTRD-GSWFAY
362,1441,hiv,ETI------SNY,KA-------S,QQGYSI-SDIDNS,GFSFT---NNYY,IYGGG-RDIV,ARENFDADYYFDL
363,1547,polyprotein,QSLLYSSNQKNY,WA-------S,QQYYT----YPYT,GYTF----TSSW,IHPN--SGST,ARYYYD-YDGMDY
364,206066,malaria,QSI------SRW,KA-------S,QQYTS----YGRT,GFTF----SSYG,IWYD--GSNR,HRNYYDSSGPFDY
365,216558,malaria,QSI------NNW,KA-------S,QQYG-----SSWT,GFSF----SNYG,ISGS--SGDT,AKEGGFCYYYFDC
366,216741,covid,QSIN-----NRH,GA-------A,QQYGS----SPPT,GDTF----INYA,IIPI--LDIA,ARVFRGSQYWFDP
367,216830,covid,ALS------TQN,KD-------S,QSADN---RAHVV,GGSIS--SSSYY,IYYS---GSA,ARHAAPSDNWFDP
368,216847,covid,NIG------SKS,DD-------S,QVWDSA--SDSGV,GASI----SNYY,IYYT---GST,ARAYCSGFDTFDI
369,216858,covid,QSV------SST,GA-------S,QQYNN---WSTWT,GHNS----PSYW,IDPS--DSYT,ARHVVALHLYPDY
370,217026,covid,NIG------SKT,DD-------S,QVWDSS--SDHYV,GGSI----SSYY,VYYS---GST,ASSQRPDLYYFDY
371,217045,covid,QSI------SRY,AA-------S,QQSYS---TLPYT,GITV----SSNY,IYSG---GST,ARGEGGSGVTSDY
372,217053,influenza,QSF------SSH,AA-------S,QQSYS----VPYT,GGSIN--SSHSF,IYST---GNS,ARESLWNYYYMDV
373,217082,covid,QSV------SSN,GA-------S,QQYSN---WPPWT,GGTF----SSYA,IIPI--FGSS,AESPLGGVSWFDP
374,217172,covid,QSI------SSY,AA-------S,QQSYS----TPRT,GGTF----SNYA,IIPI--LGIA,ARGYYEAYYAMDV
375,217189,covid,QGI------SSY,AA-------S,QQLKS----YPLT,GFTF----SDYY,ISSS--GSSM,AREFDLTIMVPPY
376,217234,covid,QDI------KNY,DA-------S,QQFDN----LPIT,GFTF----RDYD,ISRS--GSTI,ARDFGFEGPRMDV
377,217272,hiv,QDI------RHE,YG-------S,QQLNS----FPLT,GDKF----GAHY,FHPG--TGDA,ARDKTYSATGMDI
378,217286,covid,SGSI----ASNY,ED-------N,QSYDS----SNWV,GGSIS--GSNYF,IYYG---GST,ANLAWL-RGYFDY
379,217356,covid,SSDVG---GYNY,DV-------S,NSLTS---ISTWV,GFTF----SNYA,ISYD--GSNK,ASGSDYGDYLLVY
380,217381,covid,QSV------SSN,GA-------S,QQYDN---WPSIT,GFTF----SDFS,ITSS--GSST,VKNSDVFHLYFDV
381,217631,covid,QSI------SSW,KA-------S,QQYDS----FSWT,GYSFT---SYYW,VYPD--DSDT,VRHPGGGDWYFDL
382,217963,hiv,QSLLDSEDGNTY,EA-------S,MQTIE----YPFT,GNTF----SIYG,IIPP--AGLT,AIRIG---RGFDY
383,25,influenza,QTLVHS-NGNTY,KV-------S,SQNTH----VPYT,GYTL----TTYW,IDPY--DSET,TRFLQITIYGMDY
384,358,hiv,QSVS-----SRY,GA-------S,QQYDN----SVCT,GGSI----SSHY,IYYS---GST,ARGPVPADYRLDP
385,539,hiv,ALP------KNY,ED-------S,YSTDSS--GNHRV,GFTF----DDGA,ISWN--SNII,AKDSPRGELPLNY
386,650,influenza,ESVDN--FGKSF,RA-------S,QQSNE----DPRT,GYTF----TEYT,IFPN--NGDT,VRNYGSSYGYFDV
387,917,gram-negative,QDI------SNY,YT-------S,QQGNT----LPWT,GFTF----NTYA,IRSKSNNYAT,VRHRGAPGAWFAY
388,938,covid,QDI------NSF,GA-------S,QQYD-----KLPT,GFSL----SDYY,ISSS--SGYT,VRDRDDFSGYYKH
389,1284,hiv,RQHS-----TYT,LKKD---GSH,GVGDTIKEQFVYV,GFAF----SSYD,ISRG--GGYT,SRHIYYGYYAMDY
390,1457,hiv,ESVDD--DGNSF,RS-------S,QQSNE----DPLT,GFSLS--TYGMG,IFWD---GDK,VQEG------YIY
391,19708,hiv,RTVS-----SSN,DV-------S,QQYGT----SPLT,GGSF----SRYT,FIPI--FNMP,ASRQHH--EYFQE
392,19850,hiv,QSIVYS-DGNTY,KV-------S,FQGSH----VPYT,GYTF----TDYE,IVPK--TGYT,TRLRNY--WYFDV
393,19853,hiv,QSIVYK-DGNSY,RV-------S,FQGTH----LPYT,GYTF----TDYE,IVPE--TGYT,SRLKLL--GYFDV
394,19854,hiv,QSIVYS-NGNTY,KV-------S,FQGSH----VPYT,GYTF----TDYE,IVPE--TGFT,SRLRLY--WYFDV
395,216567,malaria,QSI------SSW,KA-------S,QQYN-----SYFT,GFTF----SSYG,IWYD--GSNK,ARALDDACCALDY
396,216575,malaria,QSVS-----STY,GA-------S,QQYGS----SPWT,GFTF----GDYA,IRSKANGGRT,TRVELGSSWSLGY
397,216752,covid,NIG------SKS,DD-------S,QVWDSR--SDRVV,GFTF----DDYA,ITWN--SGTI,AKHHQIADYYFDY
398,216763,covid,QGI------RND,AA-------S,LQHNS----YPLT,GFTF----SSYW,INQD--GSEK,ARDWDYDFGAFDI
399,216811,covid,QGI------SSY,AA-------S,QQLNS---YPPYT,GFIV----SSNY,IYSG---GST,AREAY----GMDV
400,216857,covid,QSFT-----SSY,GA-------S,QQYGTS--PRMYT,RGTF----NTYV,IIPF--FGTA,SRLSQW--DLLPM
401,216912,malaria,QSI------SSW,KA-------S,QQYN-----NYWT,GFTF----SSYG,IWYD--GSKK,AKVGEGQSGYYDH
402,216913,covid,QGL------TSF,SA-------S,QQSYG---TPALA,GFSF----SRHG,IWFD--GTND,AREDPHLIATLDL
403,216960,covid,SGSI----ASNY,ED-------N,QSYDS----GIWV,GGSF----SGYY,INHS---GST,ARGLGIFVTLSDV
404,217023,covid,SSDLG---AYHF,GV-------R,SSYAG---NNDFV,GYNF----TNFA,ISGY--NGDT,AGSDNYGYNGMDV
405,217032,covid,SGSI----ASNY,ED-------N,QSYDS----SNWV,GFTF----SSYG,ISYD--GSNK,ANGFGEYYYAMDV
406,217037,covid,QGI------SSW,AA-------S,QQGNS----FPYT,GYTF----TRYW,IYPG--DSDT,ARLPQYCQRWFDP
407,217047,covid,SSDVG---GYNY,EV-------N,SSYAG---SNNLV,GGT-------FG,IIPI--LGTA,ARDGDSGTLGFDY
408,217187,hiv,NDYGA---AYKF,NV-------K,AVYAGG--FTFPR,GFTV----RTHY,MNSG---GSV,ARELREAYSGLDV
409,217355,covid,QDI------TNY,AA-------S,QQYDN----LPLT,GFTF----SDYY,ITYS--GSTI,ARDRGTTMVPFDY
410,217622,malaria,QSLFTSGKQKNY,WA-------S,QNDYS----YPFT,GYTF----TNYG,INSN--TGEP,ARWANC-GCAMDY
411,217873,hiv,QSVY----NNYL,SA-------S,LGSYDGNSADCLA,GIDP----NSDH,IYAS---GTT,ATYPNY--PTDNL
412,217940,hiv,NSNI----GVNY,EN-------Y,QSYDIS--LGAHV,GGSIS---DAYY,IFGS--NGGT,VREGVPTATTGDH
413,217950,hiv,QSLLHS-NGHTY,EV-------S,EQTLQ----IPFT,GGTIS--SSHFY,LYIN--DERI,VREPVIAAGTVDV
414,217982,covid,QDI------SNS,YA-------S,QQHNN----YPFT,GFTF----SDYY,IRNVLYRGTT,ALGASGTRDWFDV
415,368,gram-negative,KSVSS--SVNSY,LA-------S,QHSR-----ELRT,GFTF----IDYY,IRNKGNGYTT,ARDIGYGNSPFAY
416,392,hiv,SSNI----GNNY,KN-------N,AAWDDS-LSGPYV,GATF----SSYS,IVPS--SGAA,TRDRSRVSGWFDP
417,560,polyprotein,QSLVHS-DGNTY,KL-------S,FQGSH----VPPT,GFTV----STYA,ISSG--GSYT,ARHPPTVGDAMDY
418,601,hiv,QY--------GS,SG-------S,QQY--------EF,GYEF----LNCP,LKPR--WGAV,TRGKYCTNWDFEH
419,937,hiv,QAI------DEY,YA-------S,QNYYVGSTNYAFT,GIDFS---SFYY,IVTDI-TGES,ARGDTYGVYALNL
421,1409,hiv,SSNI----GNNM,EN-------S,ATWDG---SLRTV,GGSI----SGFH,IYYS---GST,ARDFGEYCEGFDL
422,19722,malaria,KLG------DKY,QD-------T,QAWDS----STVV,GFTF----SSYS,ITSS--SSYI,ARDPGIANHWFDP
423,19735,malaria,QSLIF--GEHNY,LA-------S,VQTVQ----VPYT,GFTF----SNYA,IYRS--GSRM,TTLLIYEDVGVDF
424,216561,malaria,QSI------SSW,KA-------S,QQYN-----SYWT,GFTF----SSYG,IWHD--GSKK,ARVGDYSYGAFDI
425,216569,malaria,NIG------SKS,DD-------K,QVWHSS--SDPVV,GFNF----STHI,ISSS--GTYI,ARARGFIHYYMDV
426,216570,malaria,KLG------DKF,QD-------S,QAWDS----NTYV,GFNF----TTYS,ISSH--SNLI,ARGGSLHADWIDP
427,216584,covid,QSV------SSA,SA-------S,QQSYR----YPIT,GFDL----GGYS,IYAS--GGAT,ARSYYYGGFGMDY
428,216660,covid,SSNV----ENDN,ND-------R,VAWDAS--LQSYV,EITV----SSNY,IYSG---GTT,ARDLME-VGGMDV
429,216856,covid,QSVS-----SSY,GA-------S,QQYGT---SPSWT,GGTF----SSSV,IIPL--FGSA,AKVSQW--ALILF
430,216868,covid,QSVS-----GTF,GA-------S,QQYGS----SRPT,GYTF----TSYA,VSAY--NGNT,AIPYSS--VTFDC
431,216875,covid,QGI------SSY,AA-------S,QQLIS----YPGT,GFTV----SSNY,IYSG---GAT,ARGDVSGRYGLDY
432,216941,covid,SSDVG---GYNY,EV-------S,SSYAGS--NNPYV,GYTL----PELS,FHPE--DGET,ATGSPFGTDWFDP
433,216946,malaria,QSV------STS,QA-------S,QHYNS---YSRIT,RLTF----RNFG,IWHD--GSNK,AKDWGGADRVFDY
434,216958,covid,QDI------SNY,DA-------S,QQYDS----LGFT,GYSF----TNYW,IDPS--DSYI,ARGRNYLRGRFDY
435,216962,hiv,QSLVHS-DGNTY,KV-------S,MQGT-----HPFT,GYKF----SDYW,IYPG--DSDT,AIVGA----KADY
436,217029,covid,SSDVG---SYNL,EG-------T,CSYAG---NSTWV,GYTF----SSYG,ISPY--NGNT,ARDLEL-GGGFDY
437,217071,covid,QDI------ANK,AA-------S,QQYDS----FPFT,GFTF----GSYA,MSSD--GHNE,ARGSDYVSPPLHY
438,217081,covid,QSV------SSN,GA-------S,QQYS-----NWLT,GGTF----SSFS,IIPV--LGIA,TTDRFVEGPFFDY
439,217191,covid,SSNIG---AGYD,GN-------S,QSCDSS--LSVVV,GFIV----SSNY,IYSG---GST,ARALQVGSDYFDY
440,217192,covid,QSV------GSR,DA-------S,QQRGD---WPLIT,GFTF----SDFA,ISYD--GRNK,ATLGGWFEASPTY
441,217783,covid,KSLLNR-DGFTF,LV-------S,FQSN-----YLFT,GYRI----TDNF,INPY--NGGT,TRVRGNDGRAMDY
442,217796,covid,QSVLHSSDQKNY,WA-------S,HQYL-----SSYT,GYTI----TDYY,LNPY--SGGS,ARQLGR-GNGLDY
443,217924,hiv,QSLVHS-DGKTY,QV-------S,GQGVH----LPRT,GASIR---TKAW,VSGG--WDLP,AREGP---EDFDV
446,365,hiv,QDI------RNH,DA-------S,QHYDD---LPRIT,GGTF----NRLA,IMPI--FDIT,ARASYSSPYAFDI
447,415,influenza,DIG------RKS,YD-------S,QVWDSS--SDHVI,GYTF----TDYH,IHPN--SGDT,ARGGLEPYYGMDV
448,757,gram-negative,QYIVHR-NGNTY,KV-------S,FQGSH----VPYT,GFSL----TTYG,IWSG---GST,ARMRIT-TDWFAY
449,891,hiv,QY--------GS,SG-------S,QQY--------EF,GYTF----IKYY,INPR--GGQV,VRTADCEGWVFPH
450,924,hiv,QSLLYS-DGHNY,LG-------S,MQPL-----QSYT,DFSV----SEYY,LYKD---GSQ,ARENADYYFGMDV
451,1030,hiv,QSV------RSN,GT-------S,LQYN-----NWWT,GYTF----TNYY,IDPS--WGRT,ARNVATELLHYDY
452,1032,hiv,RSV------RNN,DA-------S,LQYN-----NWWT,GYTF----NDYY,IDPA--NGRP,VRNVGTALLHYDH
453,1201,polyprotein,ESVDS--SGHSF,RA-------S,QQSNE----VPLT,GFIF----NRCA,ISSG--GTYT,VRREDGGDEGFAY
454,1225,hiv,QY--------GS,GG-------S,QQY--------EF,GYTF----LNCP,MKPR--GGAV,ARGKYCTNWDFEH
455,1250,polyprotein,QSLLNSRTRKNY,WA-------S,KQAYI----PPLT,GYTF----TDFS,VNTE--TGEP,ARFLLR--QYFDV
456,19801,malaria,SSNVG---SFNL,EV-------S,CSYVG---SDTWV,GYTF----TTYA,INTN--TGNP,ARVYSY-GVPFDY
457,216833,covid,NIE------HKS,YD-------S,QVWDRS--SDQPV,GFTF----DDYA,ASWN--SGTI,AKDFSRDGDAFDI
458,216837,covid,QSI------STY,AA-------S,QHTDT---TPLTF,EFIV----SANY,IYSG---GST,ARFLPT-YDYFDY
459,216967,malaria,QSI------STW,KA-------S,QQYS-----RYWT,SEFCF---SCYG,IWHD--GSNQ,ASATRYDTGAFDY
460,217073,covid,QSVP-----SSY,GA-------S,QHYD-----TSPR,GLTV----SSNY,IYSG---GST,ARGEGSPGNWFDP
461,217152,hiv,QSI------SSN,GA-------S,QQYNN---WPAIT,GYIF----ISYF,INPS--SGDT,ARRPGGLHNWLDP
462,217168,covid,QSV------SSN,GA-------S,QQYNN----WWRT,GFTF----SSYW,INQD--GGEK,ARDPYDLGGTFDY
463,217169,covid,SSDVG---DYNY,EV-------S,SSYTT----SSAV,GFSLS--ISGVG,IYWD---DDK,AHHSIS--TIFDH
464,217182,covid,QSIT-----GRY,GE-------S,QHFASS--PPTYT,GYTF----TSYY,ITPS--GDDT,AKMSRA--GGFDV
465,217185,covid,QSVR-----RNY,DA-------S,QQYDSS--PPMYI,GFTF----SYFY,INPR--GDGT,ARGADH--GAFDI
466,217206,malaria,QSLLYS-NGDNY,LG-------S,MQTLQ----TPHT,GFTF----TDAW,IKSNPDGGTT,ITDRDF-YRSGGS
467,217313,covid,QSVR-----SNY,GA-------S,QQYGSS--PPRFT,GYTF----TSQY,INPS--GVHT,ARGSPK--GAFDY
468,217339,covid,QSI------GSY,AA-------S,QQSYV---SPTYT,GFTF----SSYD,IGTA---GDT,ARGDSSGYYYFDY
469,217629,covid,QGI------SSW,AA-------S,QQANS----FPFS,GFTF----SSYA,ISFD--GSNK,ARASITTDDGMDV
470,217662,influenza,QNV------GTH,SA-------S,QQYNN----FPLT,GYTF----SGHW,ILPG--SGNI,ARLGTTADWYFDV
471,217670,polyprotein,ESVDN--YGISF,AA-------S,QQSKE----VPYT,GFSL----TSYG,IWSA---GNT,ACAPIYYYTWFAY
472,217856,hiv,QSVY----SDNW,AA-------S,AGGFS----PNWA,GIDF----NNCG,IYTG--LGVG,ARDGVMSGYYFNL
473,217998,covid,QTV------IGS,GA-------S,QQYGN----WPLT,GFTF----SNSE,ISES--GETT,TRYNWNNVYALDS
474,284,hiv,QSI------ETW,KA-------S,QHYAG----YSAT,NFRI----SAHT,ISTS--STYR,ARKGSDRNDPFDA
475,544,influenza,QDI------RKY,DA-------S,QQYDN----LPIT,GGTF----ITHV,FIAI--FGTS,ARGISGSYGWFDP
476,645,influenza,ESVSN--YGINF,TA-------S,QQTKE---VPYGT,GFTG----SDYD,ILGG--SERS,ARHSWGAQYGMDG
477,860,hiv,QVI------SNY,DT-------S,QQYEN----LQFT,GGSIS--SSSYY,VYYS---GGA,ASIYGSGYFYMDV
478,910,hiv,QGIL-----SNQ,GG-------S,QIL--------EF,GYKF----IDHF,INPR--GGGV,ARGFAG-YEWSFI
479,916,gram-negative,QDI------RNY,YT-------S,QQGKT---LPLYT,GFTF----SSYY,INSN--GGNT,TRLYGNYIHTMDY
480,1040,hiv,QSVLYSSNNKNY,WA-------S,QQY--------YS,GYTF----TGYY,INPN--SGGT,AKISGS--YSFDY
481,1263,hiv,QDI------SNY,TA-------S,QQYDN---LGDLS,GFNF----SSYV,ISSD--GETT,ARDRYYESNAFDV
482,1351,hiv,TLS------TKW,EG-------N,FSTDSS--GQTWV,GFSF----NEKA,IWYN--SIHK,ANAGGGKYDYLDV
483,1384,polyprotein,QSIVHN-NGNTY,KV-------S,FQGSH----VPPT,GYTF----TSYY,IYPG--NVNT,ARDDYD-GAWFAY
484,1562,hiv,QGI------GSD,HA-------S,QVI--------ES,GYTF----NAYI,IKPK--FGAV,ARDRLYDSWRLDP
485,216563,malaria,QSVS-----SSY,GA-------S,QQYG-----SSYT,GFTF----SGSG,IWYD--GSNK,ARVGDGDGNYMDV
486,216736,covid,SSDIG---SYNF,EV-------N,CSYGG---RNNLI,GFSF----KDYG,ISGD--TRGT,AALVIVAGDDFDL
487,216831,covid,SSDVG---SYNL,EV-------T,CSYAG---SSTWV,GVTV----SSNY,VYSG---GST,ARLINHYGGAFDI
488,217093,covid,QGI------SNS,AA-------S,QQFYS----TPRT,GFTF----SSYW,IKQD--ASEK,ARDLGILWFGDYP
489,217221,covid,QSIS-----SSF,GA-------S,QQYGT---SPRLT,GFTF----SNYG,YWYD--GGNK,ARDTA----PPDY
490,217246,hiv,SLG------SRS,NN-------N,HIWDSR-RPTNWV,GYNF----RDYS,IKPL--WGAV,VRRGSCDDFPWQY
491,217784,covid,QGI------SSN,HG-------T,VQYVQ----FPYT,GYSF----TDYY,INPN--TGGT,ARYYGN-LYAMDY
492,218008,hiv,QRI------VNL,GA-------S,QSAYNG--DGDNA,GIDFT---SGYD,IYLG--DGNT,ARFAGYRWSYPDL
493,152,gram-negative,KSLLHS-DGITY,HL-------S,AHNVE----LPRT,GLTF----SNYW,IRLKSDNYAT,FLP-------MDY
494,536,hiv,SY--------GH,AT-------S,QQL--------EF,EDIFE---RTEL,VKTV--TGAV,ARQKFYTGWYFDL
495,1265,hiv,ESVDS--YGKSF,IA-------S,QQNNE----DPPT,GFSIT--RTNYC,ICYE---GSI,SRENHMYETYFDV
496,19728,malaria,QSI------SRW,GA-------S,QHYNS----YFVT,GFTF----STYA,ISYH--STNK,ARDGYS-SSFFDF
497,19851,hiv,QNV------GSD,SA-------S,QQYSS----YPLT,GYSIT---RAYY,ILYD---GRS,TREGN----YRAY
498,30933,polyprotein,QSI------SSY,PA-------S,LQDSS----LPYG,GFTV----SSTY,ISSG--GGGT,AGSTVICTDPMDV
499,216555,malaria,NIG------SES,DD-------A,QVWDS---STVAS,GFSF----SEYR,ISSS--GTYI,ARGMGIAVRRFDY
500,216559,malaria,KLG------DKF,QD-------T,QAWDS----STVV,GFTF----SSYT,ISSS--STYI,ARRAGGFAYYFDY
501,216743,covid,QSVR-----SSY,GA-------S,QQYDN----SPWT,GFTF----SSSA,IVVG--SGNT,AAPNCNSHDGFDI
502,216750,covid,QVI------SNY,AA-------S,QQYNI----YPLT,GFTF----STYH,ISYD--GSNY,ARDSSGWGVPFDY
503,216849,covid,QSVS-----SSS,GT-------S,QQYG-----SSPL,GLTV----RSNY,IYSG---GST,ARDLVV--YGMDV
504,216957,malaria,RSV------TSK,GA-------S,QQYN-----NGFT,GFTF----RNFG,IWHD--GSNK,ARDSLFYSGYYGY
505,216966,malaria,QSI------NDY,AT-------S,QQSH-----SLWT,GYTL----TDFY,LNPH--SGGT,VRSDQEARGAFDI
506,217708,covid,QDV------GND,WA-------S,QQYNR----YPYT,GDSI----TNGY,ISYS---GST,ASDYHGSKYYFDY
507,217951,hiv,QGI------DKD,TA-------S,QQDFS----FPLT,SGSTS--RDFFY,MYSN--SEET,SSRAKIYGGRIDV
508,555,hiv,QGI------GSS,GA-------S,AVF--------QW,GYTF----TNYI,IKPV--FGAV,ARDESGDKWHLHP
509,934,influenza,TLG------DKY,QD-------T,QAWDS----SSFV,GGSIS---SSYW,IYHS---GNT,ARVALFDGGWFDP
511,1356,hiv,QGV------GSD,HT-------S,QVL--------QF,GYTF----TAHI,IKPQ--YGAV,ARDRSYGSWALDA
512,19744,hiv,EDI------QRN,GV-------S,QSALYTSATDICA,GFSFS---SGFF,IYGGS-NDNT,ARDAGTSYIAYNL
513,19806,hiv,QS--------GW,KS-------S,QHF--------ET,GYRF----TNYF,MNPL--HGGV,TRGRDGYDDGFHP
514,216568,covid,QGI------SNN,AA-------S,QQGNG----FPLT,GYTF----TSYG,IIPM--FGTT,ARDRG---DTIDY
515,216782,influenza,SSDVG---DYNY,DV-------N,SSYTS---SNTWV,GGSI----NSYY,LFDS---GST,ARGFWG-LDGFDI
516,216803,covid,QDI------NKY,DA-------S,HQYDN----LPRT,EFIV----SRNY,IYSG---GST,ARDRG---LVSDY
517,217193,covid,QSVT-----SNY,GA-------S,QQYGSS--PPMYT,GNTF----TSHY,INPS--GSGT,AGDY-----YLDY
518,217200,covid,NDG------AKS,DD-------S,QVWDS---SRDHV,GITV----SSNY,LYAG---GSA,ARDLQV--YGMDV
519,217555,malaria,QSV------TND,YA-------S,QQDYS----SPFT,GYTF----TGYG,IYPR--SGNT,ARSWGN--SSFVY
520,217630,covid,QSIS-----SSY,GA-------S,QQYGD----SPLT,GESF----SGYY,INHS---GNT,AREL-----GHDY
521,217717,influenza,QSVDF--DGYNY,AA-------S,QQSNE----DPYT,GYTF----TKNG,INTY--TGEP,ARMVR---DAMDF
522,217725,polyprotein,QSLLYS-NGKTF,LV-------S,VQGTH----FPLT,GFTF----SDAY,IRNKANNHAT,TLQY-----GTSS
523,18,gram-negative,TGTVT---SGNH,DT-------N,ALWCN----NHWI,GYTF----TNYW,IYPG--NSAT,TRGGHG--YYGDY
524,361,hiv,QY--------GS,SG-------S,QQY--------EF,GYEF----IDCT,LKPR--GGAV,TRGKNCDNWDFEH
525,563,hiv,QGV------GSD,GA-------S,QQY--------ET,GYSF----TDYV,IKPE--RGAV,ARGVRRDSWWLQF
526,629,polyprotein,QDV------NTA,SA-------S,QQHYT----TPWT,GYTF----TNYD,IFPG--DGST,ARRGFHGSYSFAY
527,1033,hiv,NLG------DKY,QD-------N,QTWD-----STVV,GGSL----SSFY,IYYS---GSP,VRASRSYPTAFDS
528,1332,gram-negative,SSV-------RY,DT-------S,QQWNG---YPPLT,GFTF----RRFG,IGGG--SSTI,TRDETG--SWFAY
529,1559,hiv,SSDVG---GYNY,EV-------N,SSYTD---IHNFV,GGSSS--SGAHY,IHYS---GNT,ARGTRLRRNAFDI
530,19815,polyprotein,ESVDS--YGKSF,LA-------S,QHNNE----DPWT,GDSI----TSGY,ISYS---GDT,ARMGYGSQPGFGS
531,216992,covid,NIG------GQS,DD-------S,QVWDSS--SDHVV,GFTV----SSNY,IYSG---GST,ARGTAM-AYGMDV
532,217584,covid,GNI------HNY,NA-------K,QHFWS---TPPWT,GFNI----KDTY,IDPG--DGDT,TRFYDYVDYGMDY
533,217805,polyprotein,SSV-------SY,RT-------S,QQYHN----YPRT,GYTF----TDYF,FYPN--NRGP,ARGLWD--AWLSY
534,709,influenza,ESVSN--YGINF,TA-------S,QQTKE----VPYT,GFTF----SDYD,ILGG--SERS,ARHGSPGLYAWDY
535,961,covid,QDI------SNY,YT-------S,QQGNT----LPRT,GFTF----SSYT,ISSG--GSYT,TRDGN----DYDY
536,1019,polyprotein,KSVST--SGYSY,LG-------S,QHIRE----LTRS,GYSF----TTYW,IQPS--DSET,ARTGRG-DAWLTY
537,1209,polyprotein,ESVVR--YGNSF,RA-------S,QQTNV----DPWA,GFNI----KDTY,IDPA--NGYS,ARDYE----GFAY
538,1305,polyprotein,ENV------GTY,GA-------S,GQSYS----TPYT,GFTF----SSFG,ISSG--SSTL,ARWGNYPHYAMDY
539,1451,hiv,QSLGHS-SGNTY,KV-------S,FQTTH----DPYT,GVSI----TSGY,ISKS---GSA,AIDD------FDI
540,1548,polyprotein,QNV------GTA,SA-------S,QQFSS----YPYT,GYTF----TSYG,IYPR--SGNT,ARENY----GSVY
541,19807,hiv,HN---------L,DF-------N,WAY--------EA,GYRF----PDYI,MNPM--GGQV,VRDRSNGNWFLDL
542,216730,hiv,QSI------STY,SA-------S,QQTYN----TPRT,GGSIS---GTNW,IYYR---GSP,LRLSH----YGGA
543,217170,covid,QGI------SSW,AA-------S,QQANS---FPGGT,GFTV----SSNY,IYPG---GST,AREVA---GTYDY
544,217180,covid,NGYI----ANNY,ED-------N,QSYDT----PNVV,GLTF----TGYW,IKED--GSEK,ARLRWL-RGNFDH
545,217201,covid,SSDVG---DFNY,DV-------T,SSYTT----SSIS,GFSLS--TSGVG,IYWD---DDK,ARHRIG--YIFDY
546,217220,covid,QSVS-----SSY,GA-------S,QQYGS----SPWT,GGTF----SSYG,IIPI--LGIS,AREGGSGYDFFDY
547,217302,covid,ALA------KHY,KD-------S,QSADSI--GSSWV,GFTF----SSYG,IWYD--GSNR,ARAVAG-EWYFDY
548,217316,influenza,QSL------SSY,AA-------S,QQS--------RT,GDTVT--NNYAA,TFYRS-KWYK,ARAGITITGGLDY
549,327,covid,QEI------SGY,AA-------S,LQYVS----YPWT,GYTF----TTYR,IYPG--NSDT,TREGIPQLRTLDY
550,556,hiv,NG---------Y,DG-------S,QVY--------EF,GYNI----RDYF,INPK--TGQP,ARQRSD-YWDFDV
551,820,gram-negative,QSLLNSGNQKNY,WA-------S,QNDYS----YPLT,GYTF----TSYW,IYPG--DGDT,ARR-------WDY
552,1034,hiv,QAF------DNY,AA-------S,QNYNS----APLT,GFAL----RMYD,VGPS---GDT,VRSDRGVAGLFDS
554,8703,hiv,ILG------DKY,ED-------T,QAWDS---TLGVV,GYSF----SNYW,VYPD--DSDS,ARLGFEGGSFFDY
555,19743,hiv,QSVY----PNNN,EA-------S,LGAYDFTVAEGAA,GFSF----SAIA,IATD--TGST,ARN-------FYL
556,19787,covid,QDI------NNY,YA-------S,QQYNN----SPYS,GDSI----SSNY,FSGS--GGST,AKTYS---GTFDY
557,19844,hiv,SDFR----GFSS,SV-------N,NAY--------EF,GYTF----TDFD,VRPL--GGGV,ARMGAAREWDFQY
558,216987,covid,QGI------GNW,AA-------S,QQAN-----SFPP,GFTF----SSYA,IVGS--GGST,AKSLIYGAYYFDY
559,217585,covid,QNV------GTH,SA-------S,QQYN-----SYFT,GFNI----IDTY,IDPV--NGNS,ASAHYYGSSSFPY
560,217709,covid,ESVDS--YGNSF,LA-------S,QQNNE----DPFT,GFSL----TSYG,MWRG---GNT,AKNGGA--HAMDF
561,217742,covid,KSVSA--SVYSY,LA-------S,HHSRE----LPPA,GYSF----TRFW,IHPS--DSET,ARKDYDYDAWFAY
562,30,influenza,TGAVT---TSNY,GT-------N,ALWYS----NHWV,GFLL----ISNG,IWAG---GNT,ARDFYDYYYAMDY
563,531,gram-negative,QNI------NIW,KA-------S,LQGQS----YPRT,GFTF----SDYY,IRNKRNGDTA,VRQGRG--YTLDY
564,638,hiv,ST--------SV,DG-------N,NAF--------EF,GYTF----SDYF,MNPQ--WGQV,ARRMRSQEWDFQH
565,1283,hiv,QDV------STA,WA-------S,QQHYT----TPLT,GYTF----SDYW,ILCG--TGRT,ARSASY-GDYADY
566,1411,hiv,ALS------NQY,KD-------T,QSADS---SGDYV,GGPI----NNAY,VYHT---GVT,AREWAEDGNAFHV
567,217128,covid,ALP------KRY,ED-------K,YSTDSS--GNHAV,GFTF----SSYV,ISGT---GYT,AITM-----APVV
568,217171,covid,QDI------SNY,DA-------S,QQYDN----LPIT,GLTV----SSNY,IYSG---GST,ARSPY----GGNS
569,217741,covid,QSLLYSTNQKNY,WA-------S,QQYYS----YPLT,GYTF----TEYT,INPN--IDDT,ARDDK---ASFAF
570,343,gram-negative,QSLLNSSNQKNY,FA-------S,QQHYS----TPFT,GYTF----TSSW,IHPN--SGNT,VRG-------FAY
571,963,covid,QDI------NNY,YT-------S,QQANT----LPPT,GFTF----SSYA,ISSG--GTYT,VRDGN----SMDY
572,1412,polyprotein,GNI------HNY,NA-------K,QHFWS----TPRT,GYTF----TSYW,INPN--NGGP,TIDDG---YRFGY
573,216965,malaria,QGI------STS,KA-------S,QQYK-----RYWT,GFTF----SGYG,IWFD--GSQK,AKVHDD-EPTQDY
574,216974,hiv,QRI------DNW,KA-------S,QQF--------EE,GYTF----ISSF,MNPR--HGAV,VTSRTKDYDWDFV
575,217016,influenza,QSV------NTN,GA-------S,QQYSN---WPPIT,GFTF----SSYG,ISAT--GLST,ARMRRTMFGGNDF
576,217143,hiv,QSI------INY,AA-------S,QQSYS----TPYT,GFTF----TRST,IVVG--SGNT,AAAPVG-PTSSDY
577,217164,covid,QSVG-----NIY,GA-------S,QQYGD----SLWT,GDTF----YTFD,ISPV--FDAP,VKPTYSNIGAFDV
578,433,polyprotein,QNV------RTS,LA-------S,LQHWT----YPYT,GYTF----SSYW,IYPG--SGTV,TRGGS---HAMDY
579,715,hiv,QDI------STW,AA-------S,QQAN-----SFFT,GYTF----SDFY,IDPE--DADT,AADPWE-LNAFNV
580,804,hiv,QGI------XSY,AA-------S,QHLI-----GLRS,GESL----SGHY,IKHN---GSP,ARRSNWPYLPFDP
581,217233,covid,QGI------SNF,AA-------S,QHLN-----DYPL,GITV----SSNY,IYSG---GST,ARDLQV--YGMDV
582,217749,covid,SSV-------SY,RT-------S,QQYQS----YPPT,GYTF----TNYW,TYPG--NGDT,TRTGS----YFDY
583,24,influenza,SDI-------SY,DT-------S,HQRS-----SYPT,GYSF----STYF,ILPG--SDNT,ARPTGR--LWFSY
585,1234,gram-negative,TGTVT---TSNY,AT-------N,ALWYS----GHWV,GYVF----STYD,ISSG--GGRT,TRHFY---AVLDY
586,1440,hiv,QNVY----SNNN,DA-------S,LGGYDCSSGDCAA,GFSFG---NNYD,IETGS-SDSA,ARN-------FDL
587,216942,covid,QSVS-----SSY,GA-------S,QQYGS---SPTWT,GYTF----TDYY,VDPE--DGET,ATSSGPSYHSFDY
589,352,hiv,EGI------YHW,KA-------S,QQYSN----YPLT,GDTF----SSYA,IIPI--FGTA,ARDNPT-LLGSDY
590,217083,covid,QTI------NTF,AA-------S,QQSYS----NLYT,GGTF----GDDS,IFPL--IGKT,ARDTGWTLTAFDI
591,217324,hiv,KLG------DKY,QD-------S,QACD-----SSTV,GGSI----STYY,IYYS---GST,ARSDYG-DLIFDY
592,217576,covid,QSI------SSY,AA-------S,QQSYS----TPRT,GYSF----SNYY,IDPF--NGGT,ARSEYDPYYVMDY
593,594,gram-negative,SSV-------NY,TT-------S,HQWS-----SYPT,GDSI----TSGY,INYS---GNT,ATYR------FNY
594,216776,covid,QDI------RNN,DA-------S,QQYAN---LPPFT,GFIF----TNSA,IVVG--SGNP,AAFPYYYNSGSGP
595,201196,covid,QGI------SSY,AA-------S,QQLDS---YPPGT,GFTV----SSNY,IYSG---GST,ARDLGT--GLFDY
596,201197,covid,QSVS-----SSY,GA-------S,QQYGS----SPRT,GFTV----SSNY,IYSG---GST,ARDWGD--YYFDY
597,217577,covid,QSI------SSN,YA-------S,QQTNF----WPYI,GYSF----SNYY,IDPF--NGGT,ARSEYDPYYVMDY
598,216633,covid,QGI------SSY,AA-------S,QQLNS---YPAPV,GLTV----NRNY,IYSG---GST,ARDFYE--GSFDI
599,201246,influenza,SSNI----GSNT,SN-------N,AAWDDS--LNGWV,GFTF----SNYA,ISGG--GDWT,AKDVTYLDYYFDY
600,99,polyprotein,SSI-------NY,SS-------S,LQRSS----YPFT,GYAF----SSYW,IYPG--DGDN,ARSGNY-PYAMDY
601,201247,influenza,PSI------SDN,GA-------S,QQYSN----WPRT,SGSI----SSYY,VYNS---GST,ARAPDDYCPYFDS
602,217635,covid,QEI------SGY,AA-------S,LQYAS----YPWT,GYTF----TEYS,INPN--DDST,TRDRYD-GRVVDF
603,1603,polyprotein,SFNI----GNNY,DN-------D,GTWDSS--LNVVV,GLTF----TNFA,ISSS--DGST,ARAVVSSSKYFDY
604,217142,hiv,RGI------GKD,DA-------S,QQY--------ET,EDDDYSPAPEHF,MNPT--NGAV,ARAQKRGEWAYAH
605,217848,hiv,SSDIG---SYNY,DV-------T,SAYAGR--QTFYI,GYTF----SSFA,INDR--GGLT,ATGGMSSKYYFDF
606,217409,polyprotein,KLG------DKY,QD-------S,QAWDS----STVV,GFTF----SSYA,ISYD--GSNK,ARVGKGGSGYMDV
607,356,hiv,QSVG-----NNK,GA-------S,QQYGQ----SLST,GGSF----STYA,VIPL--LTIT,AREGTTGIGAFAH
608,1243,gram-negative,TGTVT---SGNH,DT-------N,ALWSN----NHWI,GYTF----TNYW,IYPG--NSAT,TRGGHG--YYGDY
609,218452,covid,QSVLYNSNNKNY,WA-------S,QQYSIT--TPPIT,GYTF----TGYH,INPK--SDGT,ARLAVRETDAFDL
610,1546,polyprotein,QSLLYSNNEKNY,WA-------S,QQYYS----YPYT,GYSF----SNYW,IHPN--SGNT,ARLGN----DMDY
611,216632,covid,RSNIG---AGHD,GN-------N,QSYDRT--LTSYV,GGSIS--SSSYY,IYYR---GST,ARHVRSAGNWFDP
612,822,hiv,QSVS-----SSY,GA-------S,QQYGS----SPST,GGTF----SSYA,IIPI--FGTA,AREGTTGIGAFQH
613,217362,covid,SSNIG---AGYD,GN-------S,QSYDSS--LSGWV,GFTF----SSIA,MSFD--GSIK,ARGVQGYNYGMDV
614,411,influenza,QSVTF--NYKNY,WA-------S,QQHYR----TPPT,GFTF----STYA,ISYD--GNYK,AKDSQLRQGYFDP
615,216650,covid,SSDVG---GYNY,DV-------S,SSYTS---SSTWV,GYTF----TGYY,INPN--SGGT,ARGLGVGYYYMDV
616,217209,covid,QSVS-----STY,GA-------S,QHYGS----SPLT,GGTF----SSYA,IIPI--FRTP,ASPSCGGDWYFDL
617,217296,hiv,QDI------RKY,DA-------S,QQFDD----LPIT,GYTF----TSNY,INPR--GGST,ARGGRALSWWFDP
618,217314,covid,NSNIG---AGYD,GN-------S,QSYDSSLSGPNWV,GGIF----NTYT,IILM--SGMA,ARGFNGNDDAFDI
619,217387,covid,QSLVYS-DGDTY,QV-------S,MQGSH----WPPT,GFTF----RNYA,ITSD--GRNK,VTQRDNSFHDMDV
620,218435,covid,QSLLHS-NGYNY,LG-------S,TQTLQ----TPYT,GFIF----SDAW,IKSKADGGTT,TTGRSRYCYYFDH
621,217319,covid,QSV------SYN,DA-------S,QQYNN---WPPYT,GFTF----DDYG,INWN--GGST,ARVGYCGAGFPDY
622,218406,covid,SSNI----GSSP,TN-------D,AVWHDS--LNTYV,GFTF----SSYA,ISYD--GSNK,ARDRGFGASWFDP
623,218428,covid,QSV------SSS,GA-------S,QQYGD---WPLVT,GFNF----DNYA,ISYE--ARNK,ARDLFLSRGGFDL
624,218431,covid,QSV------SSS,GA-------S,QQYGD---WPLVT,GFRF----NNYA,ISYE--ARNE,ARDVFLSRGGFDY
625,218433,covid,QSV------SSS,GA-------S,QQYND---WPLLS,GFSF----SNYA,ISFD--TRNK,ARDLFLSRGGFDY
627,216996,covid,SSNIG---AGYD,GN-------S,QSYDSS--LSGSV,GGTF----SSYA,IIPI--IGIA,ARERGYSAYYFDY
628,218449,covid,QSLLHS-NGYNY,LG-------S,MQALE----TPWT,GYSF----ANYW,IFPG--DSDT,ARRRGNSPYGMDV
629,28870,malaria,QSLLYS-NGYNY,LG-------S,MQAVQ----TPLT,GFTF----SSYT,ISSS--GSYI,ARNVLDSPTYFDY
630,213743,covid,QSVS-----SNY,GA-------S,HQYD-----NLWT,GGSIS--NTNYF,TYTS---GST,ARVDPYYTNAFDI
631,217020,covid,QSLLDSDDGNTY,TL-------S,MQRIE----FPLT,GYTF----TGYY,INPN--SGGT,ARVPYCSDWYFDL
632,217184,covid,QDI------SKW,AA-------S,QQASSF--PWSIT,GLTF----SGYA,ISRD--ARNK,AILIIPGPDALDI
633,28871,malaria,ESLLRS-DGKTY,EV-------S,MQSI-----QLVT,GFMI----SGSV,IRDKANNEAT,TRGIIVGTWHFDP
634,205955,malaria,QSVLYTSNNKNY,WA-------S,HQYYS----SPLT,GYTF----TRYA,INAG--NGNT,ALFTVITDDVFDI
635,205957,malaria,QSIFYSSNKKNY,WA-------S,HQYYN----SPLT,GYTF----TTYA,INAG--NGNT,ALLTVITDAAFDI
636,205966,malaria,QSIFYISNNKNY,WA-------Y,HQYYS----SPLT,GYTF----TSYA,INAG--NGNT,ALLTVITDDAFDI
637,205967,malaria,QSVLYSSKNKNY,WA-------S,HQYYS----SPLT,GYTF----TTYA,IKVG--DGNT,ALLTVITDDAFDI
638,205968,malaria,QSVLYSSNNKNC,WA-------S,QQYYN----TPLT,GYTF----PSYA,IKAG--DGNT,ALLTVITDDAFDI
639,205971,malaria,QNILYSSNNKNY,WA-------S,HQYYS----SPLT,GYTF----TSYA,IKGG--NGNT,ALLTVITDDTFDI
640,205980,malaria,QSILYTSNNKKY,WA-------S,HQYYS----SPLT,GYTF----TNYA,INAV--IGNT,ALLTVITDDAFDV
641,205998,malaria,QSVLYSSNNKNY,WA-------S,HQYFS----SPLT,GYTF----TSYA,INGG--NGNT,ALLTVITDDAFDI
642,205999,malaria,QSILYSSNNKKY,WA-------S,HQYYS----SPLT,GYTF----TSYA,IKAG--NGDT,ALLTVITDDAFDI
643,206001,malaria,QSVLYSSNNKNY,WA-------S,HQYYS----SPLT,GYTF----SSYA,ITAG--NGNT,ALLTVITDDAFDI
644,206002,malaria,QSVLYSSNNKNY,WA-------S,HQYYS----SPLT,GYTF----TRYA,IKAG--NGDT,ALLTVITDDAFDI
645,206007,malaria,QSVFFRSNNKNY,WA-------S,HQYYS----SPLT,GYTF----TNYA,INAG--NGNT,ALLTVITDDAFDI
646,217223,covid,SSDVG---GYNY,EV-------S,SSYAG----NKGV,GFPF----DDYA,ISWD--SGSI,AKGAFPGYYGLDV
647,217301,covid,QGI------SSW,AA-------S,QQANS----FPLT,GGSIS--SSSYY,IYYS---GST,ARCRPEYYLDFDY
648,217358,covid,QTVS-----STS,GA-------S,QQHD-----TSLT,GYPF----TSYG,ISTY--NGNT,ARDYTRGIGGFDN
649,206009,covid,QAI------RSD,AA-------S,LQQNI----YPRT,GGTF----SNYA,IIPI--FGTT,ARLDGYSQDGMDD
651,216719,covid,QSI------SSY,GA-------S,QQSYS---TPPYT,GFTF----DDYA,ISWN--SDSI,AKDRGYEPASFDY
652,216816,covid,QSI------SSW,KA-------S,QQYNS----YPYT,GYTF----TSYA,INTN--TGNP,ARPQGGSYYGMDV
653,216918,polyprotein,SSNI----GNNF,DS-------D,GTWDRS--LSVVV,GGSIS--SGDSY,IYYS---GST,ARHVGDLNDAFDI
654,217049,covid,TSNI----GDNF,DD-------A,STWDNS--LNVVL,GFTF----EDYA,IDWN--SGVI,AKDVYSEGSYYDY
655,217281,covid,SSDVG---GYNY,DV-------S,SSYTSS-STPNWV,GFTF----SDYT,ISSS--SNYI,ARDGNAYNVRFDY
656,217383,covid,SSNIG---SGYD,GN-------S,QSYDS---SLSGV,GGTF----SSFA,IIPI--YGTA,ARDGSSTHNWFDP
657,217397,covid,QSI------SSY,AA-------S,QQSYS----TPRT,GGPF----SSSA,IIPM--VGTA,ARDSRYCSVWFDP
658,217836,hiv,HNI------RSY,ET-------S,QSNFGLSDSRTYN,GFSFS---RSQY,VYPD--DDTP,ARTSGFGAHGVDL
659,217966,covid,ESI------SNW,AA-------F,QQTYSS-RDVDNV,GFSFS---SGYD,IGTGS-SGNI,ARDDADYPDYFNL
660,1036,influenza,QSVLYSSNNKNY,WA-------S,QQYYS---TPGLT,GFNF----SSYE,ISSS--GSTI,RLLWFG-ELFFDY
661,28798,malaria,QSLLHS-DGNTY,EV-------S,MQGI-----HSWT,GFTF----STFG,IWYD--GSSK,VKVGANWWRYFDL
662,28868,malaria,QSLVYS-DGNTY,KV-------S,MQGT-----HWWT,GFSF----SSYA,TRYD--GSNK,AKVGDGTAGTIDY
663,28872,malaria,QSVD-----SPY,GA-------S,HQYGN----APYI,GFTV----SDSY,IYSG---SST,ARGPNDYYYYMDV
664,28877,malaria,NGHS-----SNA,VNSD---GSH,QAWDS----GIWV,GFAF----SSYG,IWHD--GTNK,AIWYLDSDHGFDI
665,28880,malaria,HGHT-----SKA,VNSD---GSH,QAWDS----GIWV,GFAF----SNYG,IWHD--GSLK,TVWYLETDDGFDI
666,36818,influenza,RLR------SYY,GK-------N,NSRDTS--GYHLV,GYIF----TSYD,MNPD--SGDT,ATGNADCYNWFDP
667,213905,covid,LSVLNSSNNKNY,WA-------S,QQYYD---KLSLT,GFTF----GDYS,IRSQTYGGTT,TRNYG----VGDY
668,213958,covid,QSLLQN-NGYNY,LG-------S,VQAQQA--PPLYT,GYTF----INDY,INPT--GDGT,ATGGRQ--SAFDI
669,213960,covid,QSLLQK-NGYNY,LG-------S,LQAQQA--PPLYT,GYIL----NNYY,INPS--GDGT,ARGGSQ--SAFDM
670,216649,covid,SSDVG---GYNY,EV-------S,SSYAG---SNNLV,GYTF----TGYY,INPN--SGGT,ARDRSWAYYYMDV
671,216804,covid,SSDVG---GYNY,DV-------N,SSYTS---SNTWV,GDIY----STYA,IIPV--SGTV,ARDVARGYYGMDV
672,216978,covid,QSV------SSY,DA-------S,QQP--------LT,GGTF----SSYT,IIPI--LDRV,ARRAIDSQSHFDY
673,217130,covid,QNI------SSY,AA-------S,QQSYS----TPRT,GGTF----SIYA,IIPI--IGTA,ARDFRYCYFWFDP
674,217398,covid,QSVS-----SSY,GA-------S,QQYVG---LTGWT,GFTF----TSSA,IVVG--SGNT,ASPYCSGSDGFDI
675,217770,covid,QSVST--SSHNY,YA-------S,QHSWE----IPYT,GYTF----TEYT,FDPN--FGGA,ARGDYGTYAYFDF
676,219893,covid,QGLVQS-NGYNY,LG-------S,MQGLQ----TPGT,GVSI----LGSY,IYFS---ENT,ARGGGYLTGPFDS
677,219894,covid,QSLMQL-NGYNY,LG-------S,MQGLQ----IPGT,GGSI----IGYY,IYFS---ANT,ARGGGYLTGPLDF
678,1448,hiv,QSVDY--DGDSY,AA-------S,QQSNE----DPFT,GYTF----TTYP,FHPY--SDDT,AIHYGS-AYAMDY
679,28850,malaria,QTI------NNW,KA-------S,QQYS-----SYWT,GFSF----SSYG,IWHD--GSYS,VKVEDYVGGAFHI
680,31893,influenza,ESVDN--YGISF,AA-------S,QQSKE----VPFT,GYTF----TSYV,INPY--NDGT,ARRPYYYSSHFDY
681,202254,covid,DSNIG---AGYN,YT-------D,QSSDRT--LVGSL,GFTF----SSYA,ISGS--GGST,ARDLVLGSGSSND
682,202256,covid,QSVS-----SSY,GA-------S,QQYGS----SPFT,GGSIS--STTYY,IYYS---GST,ARQWKWFAWYFDL
683,216727,covid,KLG------DKY,QD-------N,QAWDS----STAV,GGTF----SSHT,IIPI--LGIA,ASLQTVDYYGMDV
684,217178,covid,QSVR-----SSY,GA-------S,QQYGS----SPWT,GFTF----TSSA,IVVG--SGNT,AAPNCSGYDGFDL
685,217250,covid,SANI----GSNT,SN-------N,AAWDD---SLKGV,GFTF----HDHT,ITWN--GGTI,AKDLGRGYLPSDA
686,217322,covid,SSNI----GNNY,GN-------N,AAWDDGLSGSGWV,GYTF----TSHF,INPS---GGA,ARAEGSSLGWFDP
687,217331,covid,ENI------INY,DA-------S,QQRII---WPPYT,GFSF----SNYW,IKQD--GSET,VKDRTDWRGYFGH
688,217382,covid,QSI------SNF,AA-------S,QQSYS----TLYS,GFTF----RTYA,MWND--GSNK,AREGVAASDAFDI
689,218022,hiv,QSRG-----NNY,RT-------S,LYGYYSSRNPDFA,GFDF----SDYH,IAYT---GNI,ARAYGYAAQYFNL
690,28869,malaria,QSLVYS-DGNTY,KV-------S,MQGTH----WPDT,GYTF----TDYY,INPY--IGVS,AACSNV--GCYVY
691,28882,malaria,QSI------SSW,KA-------S,QQYN-----SYWT,GFTF----SSYG,IWYD--GSNK,ARVQTTTCCPFDY
692,31894,influenza,QSLVHS-NGNTY,KV-------S,SQSTH----VPWT,GYTF----TSYW,IAPG--SGST,ARPTNW-DGGFAY
693,213745,covid,QSVS-----SSY,SA-------C,QQYGD---SPRGS,GFTF----SSHA,ISYD--GSYQ,ARDTPDLTYYFDC
694,216645,influenza,QTI------RSD,GA-------S,QQYNN---WPPLT,GFTF----STYS,ISSS--SLSR,VRGSITWEYYLDY
695,217202,covid,QSVS-----NSY,GA-------S,QQYGT---SPRLT,GFTF----SNYA,ISGT--GDDT,AKAISRYWGCLDY
696,217323,covid,QSVR-----ISY,GS-------S,QQYAN----SPWT,GFTFT---DVSS,TVVG--TGNT,AAPFCSESDGFDL
697,217325,covid,KLG------ETY,QD-------N,QAWDK----TIAG,GFSVN--TGGVG,IYWN---DDK,AHVLVWFPDAFDV
698,217396,covid,SGSI----ASNY,ED-------N,QSYDS---SNHVV,GFTF----SSYW,IKQD--GSEK,ARVWWL-RGSFDY
699,217402,covid,TGAVT---SGHY,DT-------S,LLSYS---GARGV,GFTF----SSYW,IKQD--GSEK,ALSSGYSGYAGNY
700,217923,hiv,QSLLASSNNKNY,WA-------S,QQYYT----TPLT,GFTF----SDYY,ISNS---GIT,TKESAA--AIGHY
701,219899,covid,QSV------TSY,DA-------S,QQRND----WPFT,GFNF----DDFA,ISWN--SVNI,GKDMFPYYYGMDV
702,28883,malaria,QSI------SSW,KA-------S,QQYN-----SYWT,GFTF----SSYG,IWYD--GSNK,ARVRDSSGDAFDI
703,202257,covid,QSI------SSF,DA-------S,QRRSN---WPPFT,GGTF----SSYA,IIPI--FGTA,ARSCGDCSADLDF
704,216806,covid,SSNIG---AGYE,GN-------S,QSYDSSLSLSAVV,GFTF----SNYA,ITGS--SSFI,ARERDD-YDTRLD
705,216983,covid,SSNI----GNNY,DN-------N,GTWDSS--LSAVV,GYTL----PEVA,FDPE--DGET,ATTTPFSSYWFDP
706,217154,covid,SSNI----GNNY,DN-------N,GTWDSS-LSAHWV,GYTL----TELS,FDPE--DGET,ATGPAVRGSWFDP
707,217251,covid,QDI------RFY,DA-------S,QQYDN----LPFT,GFTF----NSYG,IRYD--GGNK,ANLKDSRGSYYDY
708,217280,covid,SSDVG---GYNY,DV-------S,SSYTSS-STPNWV,GYTF----TGYY,INPI--SSGT,ARAAPFYYSYFDY
709,217309,covid,QSV------TNY,DT-------F,QQRSN----WPPT,GFSF----SHYV,ISFD--GSSQ,AIHGGTYDKNILA
710,217354,covid,QSI------STW,ET-------S,QQFNS----YPWT,GFTF----SSYA,ISSN--GGST,VKHYQQQWGGPDV
711,217373,covid,SSDLG---NFQY,EV-------S,CSYTTT--TIPVA,GFSLN--TGGAG,IYWD---GDK,AHHKIE--YIFDY
712,217401,covid,GSNI----GSNT,RN-------N,AAWDDS--LNGPV,GDTF----SSYT,SIPI--VGKA,ARDQSGFFFYYDH
713,217579,covid,ESVDN--YGISF,AA-------S,QQSKE----VPRI,GFTF----TNYG,ISSG--GSYT,ARFRYGGGGTVDY
714,217628,covid,QDI------NIY,DA-------S,QQYDN----LPRT,GIIV----SSNY,IYSG---GST,AREVVGSNSNMDV
715,1222,hiv,QNV------GTA,SA-------S,QQYSS----YPLT,GFSLS--TSGVG,IWWD---DDK,ARRDPFGDNAMGY
716,213902,covid,QSIS-----SSY,AA-------S,QHYRSS--PPLWT,GYTF----SSYY,ISPS--AGYT,ARVAVA--GPNDY
717,213959,covid,QSIS-----GSY,AA-------S,QHYRSS--PPLWT,GYTF----TNYY,ISPS--AGYT,TRVAVA--GPNDY
718,216824,covid,ASLG----ISTD,GA-------S,QQYSN----WPLT,GHSF----TSNA,INTD--TGTP,ARERDYSDYFFDY
719,216927,covid,QSI------SNY,AA-------S,QQSYS----PPPT,GGTF----SSYA,IIPM--FGIA,ARYMVTRYYDMDV
720,217068,covid,QSI------SSY,AA-------S,QQSYS----TPRT,GFTF----SSYA,ISYD--GSNK,ARHATL-MNNKDI
721,217072,covid,QSVS-----GSY,GA-------S,QQYVN----SPRT,GGTF----NTYA,IIPM--FGIA,ARSAYYSGYYLDY
722,217400,covid,SSDVG---GSNY,EV-------T,SSYTTT--STHIL,GFSLN--TYGVG,IYWD---GDE,ARHLIP--TIFDY
723,217771,covid,QDI------SNY,YT-------S,QQGTT----LPYT,GYTF----TEYT,FDPN--FGGA,ARGDYGTYAYFDF
724,217780,covid,TGAVT---TSNY,GT-------N,ALWYN----NHWV,GFSL----INYA,IWTG---GGT,ARKDYYGYYGMDY
725,1198,hiv,ENI------YSS,SA-------T,QHFWG----TPYT,GFTF----SNYW,IRLKSNNYAT,TRGNGN-YRAMDY
726,200539,polyprotein,QGI------RND,AA-------S,LQDYN----YLLT,GGSIS--SSSYY,IYYS---GST,AREITM-IAWFDP
727,206065,malaria,QFI------SRW,KA-------S,QEYTS----YGRT,GFIF----STYG,IWFD--GSNI,HRNFYDGSGPFDY
728,213904,covid,QIVR-----SNY,GA-------S,LQYDSS--PPTYI,GDTF----SSHY,INPS--GSGT,GGGSG---GLFAY
729,216578,influenza,QDI------RIH,DA-------S,QHYHN----LPRT,GFTF----SSFA,ISAG--GGNT,AKSDSSGYGRREF
730,216634,covid,SSDVG---AYNY,DV-------S,SSYTT----SSTV,GFSLS--TSGVG,IYWD---DDK,AHHKIE--RIFDY
731,216911,covid,SSNI----GNNY,DN-------N,GTWDSS--LSAWV,EIIV----NRNY,IYPG---GST,ARSYGD--FYVDF
732,217320,covid,SSNI----GSNY,RN-------N,AAWDDGLSGSGWV,GYTF----SSYY,INPG--DGGA,ARAEGSSLGWFDP
733,217781,covid,QNI------GTI,YA-------S,QQSSS----WPLT,GYTF----TSYW,IYPG--SGST,ARWDFYGSRTFDY
734,217967,covid,EDI------YDN,DA-------S,QGEFSCSSGDCTA,GFSL----SRYA,IVDS---GHT,ARETGGGFYVFEF
735,218439,covid,QTVLYSSNNKNY,WA-------S,QQYHR----IPWT,GFTF----STFW,IKSD--GSEK,ATWF------GLH
736,1169,gram-negative,SSV-------SY,DT-------S,QQWSS---NPPWT,GFDF----SRYW,INPD--SSTI,ARRGT---TATAY
737,1353,polyprotein,KLG------DKY,QD-------S,QAWDS----SALV,GGTH----SNYV,FIPD--FRTA,ARGPLS-RGYYDY
738,205961,malaria,QGI------SNY,YT-------S,QQYSR----FPYV,GYTF----TNYG,INTI--TEEP,ARGSEF--GRLVY
739,216626,polyprotein,QSI------NTW,KA-------S,QQYE-----SYAT,GFIF----SNYG,ISYD--GSDK,AKELSGYDPGFEY
740,216975,polyprotein,NIG------SKN,KY-------V,QVWDS----STYV,GYTF----TSYG,ITPY--NGNT,ARDSGTYAFYFDY
741,217131,covid,QSVS-----SSY,GA-------S,QHYGS----SLWT,GGTF----SSSA,IIPI--LDIT,ALRNQW--DLLVY
742,217222,covid,QTI------NSW,DA-------S,QQYES---YSPIT,GGNF----NMYT,FIPI--ANKA,ARSGSY--DAFDV
743,217279,covid,QSVS-----SSY,GA-------S,QQYGS----SAWT,GYTF----TGYY,INPI--SSGT,ARAAPFYYSYFDY
744,217334,hiv,NIG------SKS,DD-------S,QVWDSS-SDHLYV,GFTF----SDYY,ISPG--GSTI,ASSADV-YNWFDP
745,218451,covid,QSVS-----SSY,GA-------S,QHS-------RFT,GVTF----SRYA,ISGG--GGGT,ATLLTVPPYYFEY
746,216616,covid,NIG------SKS,YD-------S,QVWDSS--SDHVV,GFTF----DDYA,ITWN--SGTI,AKDSGRKDYYMGV
747,217267,covid,QSVS-----SSY,GA-------S,QQYGS----SAWT,GFTF----NSYG,IRYD--GGNK,ANLKDSRGSYYDY
748,217614,covid,QSV------SNF,YA-------S,QQSNT----WPLT,GYTF----TDYG,INTY--SGEP,ARGGNW-DWYFDV
750,28849,malaria,QSLVYS-DGNTY,KV-------S,MQGT-----VGFT,GFSF----SSYG,IWYD--GTNK,ANDIAGWYDGSNA
751,28867,malaria,QSV------SSH,EA-------S,QQRS-----NWYT,GFTF----SNYG,IWYD--GSNK,AKSTGD--NWFDP
752,202252,covid,SSNI----GNNA,YD-------D,AAWDDS--LSGVV,GYTF----TSYG,ISAY--NGNT,ARGK------FDY
753,206008,covid,QDI------NNY,DA-------F,HQCDN----LPCT,EIIV----SSNY,IYPG---GSS,ARDSPH--RPGTI
754,206077,covid,QGI------SSY,AA-------S,QLLNT----YPLT,GVTV----SSNY,IYPG---GTR,ARDLVV--YGMDV
755,216602,covid,QGI------STW,AA-------S,QQAHS----FPPT,GFT------VSR,IYTG---GNT,VRGSGGIHDAFDI
756,216636,covid,QDI------NKY,DA-------S,QQYDN----LPPT,EFIV----SSNY,LYSG---GTT,ARDRGP--WLHDY
757,219895,covid,QGV------GRY,AG-------S,QQYQS----YPLT,GFTV----SSNY,IYSG---GST,AKIDHY--YGMDV
758,219896,covid,YSNI----ASNP,AN-------D,ATWDDS--LNGPL,GYTF----TGYY,VNPN--SGGA,ARGK------IDY
760,202253,covid,SLR------SYY,GK-------N,NSRDST--NDPVL,GITV----SSNY,LYSG---GTT,ARWSG---TYYDY
761,213903,covid,QSVR----SNNY,GA-------S,QQYGS----SPLT,GYSF----TSYH,INPN--GGTT,STVV------GAL
762,980,covid,QDV------GID,SA-------S,QHHYF----PPYT,GFTF----SDYW,IRNKPYNYET,TGG-------FDF
763,28878,malaria,QDI------SNY,DA-------S,QQQ--------RI,GFSF----SSYG,IWHD--GTNK,TKRAGW-GDALDI
764,28879,malaria,QDV------DNY,DA-------S,QQQ--------RI,GFTF----SNYG,IWHD--GTNK,TKRGGW-GDGSDI
765,217405,covid,NVG------SQN,RD-------S,QVWDS----STVA,GLLV----SRNY,IYSG---GST,ARDLSD-YGGIDC
766,217326,covid,NIE------RKS,DD-------S,QVWDSG--SDQVI,GFTF----SNYG,IWYD--GSNK,ARAFPDSGFTIDY
768,26616,influenza,QDI------SYY,DA-------S,QQ---------YK,GSTF----GDFA,TSAG--GDRT,ARLDSSGGRPGRN
769,217726,covid,STV-------SF,DT-------S,QQWNT----YPLT,GFSL----TRYG,IWAD---GST,ARDGR---GYDDY
770,28885,hiv,ALP------KKY,ED-------S,YS---------TD,GYTF----TSYA,INGS--NGNT,VRGY------YNT
